City_ID,City,Country,Date,Lat,Lng,Max Temp,Humidity,Cloudiness,Wind Speed
0,Avera,US,2022-10-23 03:03:03,33.194,-82.5271,49.51,44,0,4.25
1,Tuktoyaktuk,CA,2022-10-23 03:03:03,69.4541,-133.0374,15.82,87,14,9.01
2,Te Anau,NZ,2022-10-23 03:03:04,-45.4167,167.7167,57.65,64,100,9.53
3,Clyde River,CA,2022-10-23 03:03:04,70.4692,-68.5914,20.01,91,99,7.36
4,Alice Springs,AU,2022-10-23 03:00:08,-23.7,133.8833,88.21,40,1,8.05
5,Hilo,US,2022-10-23 03:03:05,19.7297,-155.09,82.27,75,20,8.05
6,Busselton,AU,2022-10-23 03:00:26,-33.65,115.3333,64.99,62,100,0.18
7,Hobart,AU,2022-10-23 03:00:06,-42.8794,147.3294,57.06,64,75,14.97
8,Punta Arenas,CL,2022-10-23 03:03:06,-53.15,-70.9167,42.91,87,75,4.61
9,Batticaloa,LK,2022-10-23 03:03:06,7.7102,81.6924,81.3,73,100,9.98
10,Albany,US,2022-10-23 03:00:31,42.6001,-73.9662,53.46,63,92,3.29
11,Mahebourg,MU,2022-10-23 03:03:07,-20.4081,57.7,74.25,76,2,7.02
12,San Patricio,US,2022-10-23 03:03:08,28.017,-97.5169,78.69,63,6,16.51
13,Funadhoo,MV,2022-10-23 03:03:09,6.15,73.2667,80.65,83,98,12.66
14,Kungurtug,RU,2022-10-23 03:03:09,50.5994,97.5228,45.32,35,43,2.82
15,Cajabamba,PE,2022-10-23 03:03:10,-7.6167,-78.05,56.28,66,96,2.21
16,Yatou,CN,2022-10-23 03:03:10,37.15,122.3833,60.98,38,0,12.1
17,La Reforma,MX,2022-10-23 03:03:11,25.0833,-108.05,78.4,79,100,2.48
18,Mataura,NZ,2022-10-23 03:03:11,-46.1927,168.8643,67.08,39,100,11.34
19,Nikolskoye,RU,2022-10-23 03:03:12,59.7035,30.7861,38.79,95,53,6.58
20,Central Point,US,2022-10-23 03:00:09,42.376,-122.9164,47.05,92,100,3.13
21,Bluff,NZ,2022-10-23 03:03:12,-46.6,168.3333,59.36,60,100,9.84
22,Swellendam,ZA,2022-10-23 03:03:13,-34.0226,20.4417,61.95,90,58,6.06
23,Caravelas,BR,2022-10-23 03:03:13,-17.7125,-39.2481,75.74,85,99,9.26
24,Torbay,CA,2022-10-23 03:03:14,47.6666,-52.7314,52.27,92,0,7.0
25,Dikson,RU,2022-10-23 03:03:14,73.5069,80.5464,23.94,89,93,14.0
26,Juneau,US,2022-10-23 03:01:52,58.3019,-134.4197,43.21,100,98,3.18
27,Lavrentiya,RU,2022-10-23 03:03:15,65.5833,-171.0,32.86,99,100,9.15
28,Puerto Ayora,EC,2022-10-23 03:03:16,-0.7393,-90.3518,67.55,92,95,7.0
29,Hermanus,ZA,2022-10-23 03:03:17,-34.4187,19.2345,64.8,87,100,12.82
30,New Norfolk,AU,2022-10-23 03:03:17,-42.7826,147.0587,56.7,68,100,3.0
31,Kapaa,US,2022-10-23 03:03:18,22.0752,-159.319,81.1,78,0,12.66
32,Shimoda,JP,2022-10-23 03:01:04,34.6667,138.95,77.11,60,0,17.07
33,Keningau,MY,2022-10-23 03:03:19,5.3378,116.1602,85.1,70,100,0.96
34,Ushuaia,AR,2022-10-23 03:00:26,-54.8,-68.3,39.79,98,100,5.57
35,Constitucion,CL,2022-10-23 03:03:19,-35.3333,-72.4167,49.15,88,100,5.12
36,Sorong,ID,2022-10-23 03:03:20,-0.8833,131.25,85.59,67,96,6.49
37,Chuy,UY,2022-10-23 03:03:20,-33.6971,-53.4616,52.59,98,27,5.82
38,Jamestown,US,2022-10-23 03:02:27,42.097,-79.2353,62.19,65,0,6.91
39,Kaitangata,NZ,2022-10-23 03:03:21,-46.2817,169.8464,66.69,42,78,2.13
40,Mehamn,NO,2022-10-23 03:03:22,71.0357,27.8492,35.55,93,75,4.61
41,Champerico,GT,2022-10-23 03:03:22,14.3,-91.9167,80.85,79,91,4.92
42,Sheridan,US,2022-10-23 03:03:23,44.8333,-106.9173,51.31,69,0,14.97
43,East London,ZA,2022-10-23 03:04:23,-33.0153,27.9116,64.27,79,17,12.39
44,Baghdad,IQ,2022-10-23 03:04:24,33.3406,44.4009,69.71,56,75,9.22
45,Upernavik,GL,2022-10-23 03:04:24,72.7868,-56.1549,33.33,98,100,7.31
46,Kruisfontein,ZA,2022-10-23 03:04:25,-34.0033,24.7314,55.89,96,4,2.75
47,Qaanaaq,GL,2022-10-23 03:04:25,77.484,-69.3632,27.9,91,100,10.33
48,Nyurba,RU,2022-10-23 03:04:25,63.2842,118.3319,27.9,89,97,7.99
49,Cidreira,BR,2022-10-23 03:04:26,-30.1811,-50.2056,62.4,88,2,6.71
50,Bredasdorp,ZA,2022-10-23 03:00:43,-34.5322,20.0403,63.7,92,97,12.68
51,Hithadhoo,MV,2022-10-23 03:04:21,-0.6,73.0833,81.68,72,80,6.15
52,Castro,BR,2022-10-23 03:04:27,-24.7911,-50.0119,58.17,93,78,9.46
53,Colares,PT,2022-10-23 03:04:27,38.7992,-9.4469,63.75,87,100,20.0
54,Mar Del Plata,AR,2022-10-23 03:04:28,-38.0023,-57.5575,49.87,68,0,5.01
55,Monywa,MM,2022-10-23 03:04:28,22.1167,95.1333,83.3,67,53,8.86
56,Zeya,RU,2022-10-23 03:04:28,53.75,127.2667,37.8,41,4,3.27
57,Rikitea,PF,2022-10-23 03:04:29,-23.1203,-134.9692,72.05,81,100,19.86
58,Bayshore Gardens,US,2022-10-23 03:04:29,27.4253,-82.5904,71.1,68,20,5.75
59,Birao,CF,2022-10-23 03:04:30,10.2849,22.7882,73.83,66,98,4.88
60,Yellowknife,CA,2022-10-23 03:04:30,62.456,-114.3525,24.57,73,27,4.0
61,Klaksvik,FO,2022-10-23 03:04:31,62.2266,-6.589,43.72,80,100,17.2
62,Cape Town,ZA,2022-10-23 03:03:31,-33.9258,18.4232,65.91,75,41,13.0
63,Butaritari,KI,2022-10-23 03:04:25,3.0707,172.7902,81.63,71,37,8.39
64,Grand Gaube,MU,2022-10-23 03:04:32,-20.0064,57.6608,74.37,73,5,5.99
65,Saldanha,ZA,2022-10-23 03:04:32,-33.0117,17.9442,60.1,87,100,10.45
66,Palmer,US,2022-10-23 03:00:19,42.1584,-72.3287,51.85,73,98,0.63
67,Kedgwick,CA,2022-10-23 03:04:33,47.6446,-67.3434,46.24,90,3,6.42
68,Mapastepec,MX,2022-10-23 03:04:33,15.4333,-92.9,76.1,92,49,3.58
69,Naze,JP,2022-10-23 03:04:34,28.3667,129.4833,73.24,91,95,14.81
70,Omboue,GA,2022-10-23 03:04:34,-1.5746,9.2618,75.52,93,100,6.6
71,Davila,PH,2022-10-23 03:04:35,18.4726,120.5763,84.15,75,97,4.61
72,Bukachacha,RU,2022-10-23 03:04:35,52.9833,116.9167,35.33,44,0,2.84
73,Newport,GB,2022-10-23 03:04:36,51.5877,-2.9984,60.82,91,95,8.08
74,Kodiak,US,2022-10-23 03:04:36,57.79,-152.4072,38.71,87,100,11.5
75,Balabac,PH,2022-10-23 03:04:37,7.9868,117.0645,85.1,68,100,1.3
76,Asau,RO,2022-10-23 03:04:37,46.4333,26.4,49.12,73,99,9.46
77,Faanui,PF,2022-10-23 03:04:38,-16.4833,-151.75,79.34,74,14,11.65
78,Barrow,US,2022-10-23 03:04:38,71.2906,-156.7887,26.62,86,100,29.93
79,Ladario,BR,2022-10-23 03:03:36,-19.0047,-57.6017,73.29,64,100,3.44
80,Betsiamites,CA,2022-10-23 03:04:39,48.9413,-68.646,47.73,85,42,8.08
81,Kenai,US,2022-10-23 03:04:39,60.5544,-151.2583,38.14,88,0,8.05
82,Narsaq,GL,2022-10-23 03:04:40,60.9167,-46.05,39.42,96,100,8.97
83,Ribeira Grande,PT,2022-10-23 03:04:40,38.5167,-28.7,66.78,79,100,1.99
84,Papayal,PE,2022-10-23 03:04:41,-4.0761,-80.7361,71.56,67,100,1.21
85,Neftcala,AZ,2022-10-23 03:04:41,39.3742,49.2472,60.39,83,100,11.99
86,Panlaitan,PH,2022-10-23 03:04:42,12.1191,119.8486,85.44,71,66,3.6
87,Bambous Virieux,MU,2022-10-23 03:04:42,-20.3428,57.7575,74.21,76,3,6.71
88,Ponta Do Sol,PT,2022-10-23 03:04:42,32.6667,-17.1,69.01,80,68,4.36
89,Coxim,BR,2022-10-23 03:04:43,-18.5067,-54.76,72.63,87,82,3.4
90,Cockburn Town,TC,2022-10-23 03:04:44,21.4612,-71.1419,82.56,74,95,17.43
91,Port Alfred,ZA,2022-10-23 03:05:44,-33.5906,26.891,61.18,90,14,1.99
92,Guerrero Negro,MX,2022-10-23 03:02:10,27.9769,-114.0611,68.52,72,31,11.59
93,Tateyama,JP,2022-10-23 03:05:45,34.9833,139.8667,70.39,64,2,7.2
94,Khatanga,RU,2022-10-23 03:05:17,71.9667,102.5,25.65,95,100,13.73
95,Esperance,AU,2022-10-23 03:05:46,-33.8667,121.9,66.7,47,1,13.24
96,Hambantota,LK,2022-10-23 03:05:46,6.1241,81.1185,79.14,94,40,3.44
97,Leningradskiy,RU,2022-10-23 03:05:47,69.3833,178.4167,26.71,97,100,7.61
98,Awbari,LY,2022-10-23 03:05:47,26.5921,12.7805,62.22,55,0,8.14
99,Hamilton,US,2022-10-23 03:05:47,39.1834,-84.5333,65.88,69,75,6.91
100,Regeneracao,BR,2022-10-23 03:05:48,-6.2378,-42.6883,79.79,54,90,4.56
101,Ilulissat,GL,2022-10-23 03:00:48,69.2167,-51.1,39.22,52,100,18.41
102,Port Lincoln,AU,2022-10-23 03:05:49,-34.7333,135.8667,60.55,81,99,21.5
103,Victoria,HK,2022-10-23 03:03:47,22.2855,114.1577,87.19,58,96,7.38
104,Provideniya,RU,2022-10-23 03:04:24,64.3833,-173.3,30.79,92,90,8.34
105,Tuatapere,NZ,2022-10-23 03:05:50,-46.1333,167.6833,63.28,50,100,7.0
106,Evanston,US,2022-10-23 03:05:50,42.0411,-87.6901,70.16,61,0,18.41
107,Iqaluit,CA,2022-10-23 03:05:51,63.7506,-68.5145,33.53,80,75,3.44
108,Atuona,PF,2022-10-23 03:05:51,-9.8,-139.0333,77.04,69,4,16.08
109,Vaini,TO,2022-10-23 03:04:31,-21.2,-175.2,73.56,78,75,14.97
110,Flin Flon,CA,2022-10-23 03:05:52,54.7682,-101.865,30.63,70,14,3.91
111,Bastogne,BE,2022-10-23 03:05:52,50.0035,5.7184,53.91,96,100,6.85
112,Tazovskiy,RU,2022-10-23 03:05:53,67.4667,78.7,27.99,96,97,10.2
113,Geraldton,AU,2022-10-23 03:02:37,-28.7667,114.6,71.55,62,59,14.23
114,Yarkovo,RU,2022-10-23 03:05:54,57.4028,67.0786,28.18,81,37,10.42
115,Sungaipenuh,ID,2022-10-23 03:05:54,-2.0833,101.3833,78.84,59,98,2.21
116,Saint-Philippe,RE,2022-10-23 03:05:54,-21.3585,55.7679,71.19,85,95,10.16
117,Norman Wells,CA,2022-10-23 03:05:55,65.282,-126.8329,18.39,97,49,3.04
118,Tigil,RU,2022-10-23 03:05:55,57.8,158.6667,31.21,71,37,4.99
119,Port Elizabeth,ZA,2022-10-23 03:05:56,-33.918,25.5701,61.32,95,1,4.0
120,Dengzhou,CN,2022-10-23 03:05:56,37.8086,120.7508,60.69,53,0,12.97
121,Russell,US,2022-10-23 03:05:57,32.3502,-85.1999,55.0,100,0,0.0
122,Bagdarin,RU,2022-10-23 03:05:58,54.4333,113.6,30.79,52,0,1.99
123,Lebu,CL,2022-10-23 03:02:54,-37.6167,-73.65,47.35,87,100,5.57
124,Tiksi,RU,2022-10-23 03:05:58,71.6872,128.8694,19.11,92,100,5.57
125,Khuzhir,RU,2022-10-23 03:05:59,53.1939,107.3397,40.15,72,56,8.3
126,Tiznit,MA,2022-10-23 03:05:59,29.5833,-9.5,72.54,18,77,9.91
127,Nioro,GM,2022-10-23 03:05:59,13.35,-15.75,74.08,90,0,2.19
128,Manica,FR,2022-10-23 03:06:00,49.0,-1.1667,57.06,95,100,6.76
129,Thompson,CA,2022-10-23 03:06:00,55.7435,-97.8558,29.05,85,85,3.94
130,Ajdabiya,LY,2022-10-23 03:06:01,30.7554,20.2263,62.17,75,0,7.83
131,Muros,ES,2022-10-23 03:06:01,42.7762,-9.0603,57.16,91,100,26.51
132,Bengkulu,ID,2022-10-23 03:06:02,-3.8004,102.2655,83.23,65,100,3.47
133,Kemijarvi,FI,2022-10-23 03:06:02,66.7131,27.4306,33.44,59,0,14.36
134,Northam,GB,2022-10-23 03:07:03,51.0333,-4.2167,59.61,96,100,16.87
135,Rorvik,NO,2022-10-23 03:07:03,64.8621,11.2373,39.31,87,75,6.91
136,Muli,MV,2022-10-23 03:07:04,2.9167,73.5667,81.55,73,96,16.02
137,Saint Anthony,US,2022-10-23 03:07:04,45.0205,-93.218,68.25,51,0,9.22
138,Bethel,US,2022-10-23 03:07:05,41.3712,-73.414,52.93,85,0,0.0
139,Antalaha,MG,2022-10-23 03:07:06,-14.9003,50.2788,71.74,87,99,3.65
140,Luderitz,NA,2022-10-23 03:07:06,-26.6481,15.1594,57.63,85,26,15.05
141,Islamkot,PK,2022-10-23 03:07:06,24.6997,70.177,82.87,33,0,2.59
142,Arraial Do Cabo,BR,2022-10-23 03:07:07,-22.9661,-42.0278,71.64,89,92,13.56
143,Dindori,IN,2022-10-23 03:07:07,22.95,81.0833,69.33,69,5,6.02
144,Georgetown,MY,2022-10-23 03:07:08,5.4112,100.3354,82.89,81,40,5.75
145,Khuzdar,PK,2022-10-23 03:07:08,27.7384,66.6434,67.62,31,0,3.91
146,Sinnamary,GF,2022-10-23 03:07:09,5.3833,-52.95,79.48,89,83,11.25
147,Ketchikan,US,2022-10-23 03:07:10,55.3422,-131.6461,39.67,87,40,3.44
148,Hovd,MN,2022-10-23 03:06:19,48.0056,91.6419,49.3,24,8,4.34
149,Moorhead,US,2022-10-23 03:07:10,46.8739,-96.7676,53.62,63,0,6.91
150,Palana,RU,2022-10-23 03:07:11,59.1167,159.9667,26.78,76,93,3.87
151,Show Low,US,2022-10-23 03:05:54,34.2542,-110.0298,58.08,79,0,20.71
152,Karratha,AU,2022-10-23 03:07:11,-20.7377,116.8463,86.99,31,3,15.61
153,Pevek,RU,2022-10-23 03:07:12,69.7008,170.3133,18.86,95,100,8.7
154,Hagere Selam,ET,2022-10-23 03:07:12,6.4833,38.5167,45.25,97,92,3.65
155,Sulangan,PH,2022-10-23 03:07:13,11.1373,123.7228,83.97,73,58,5.77
156,Douglas,US,2022-10-23 03:06:06,41.3,-96.167,68.61,60,0,4.61
157,Dubai,AE,2022-10-23 03:03:02,25.2582,55.3047,78.73,57,0,10.36
158,Tchaourou,BJ,2022-10-23 03:07:14,8.8865,2.5975,73.17,75,74,1.39
159,Sisimiut,GL,2022-10-23 03:07:14,66.9395,-53.6735,34.95,79,100,9.78
160,Srivardhan,IN,2022-10-23 03:07:15,18.0333,73.0167,77.25,68,2,6.11
161,Grenaa,DK,2022-10-23 03:07:15,56.4158,10.8783,52.02,97,22,11.01
162,Avarua,CK,2022-10-23 03:07:16,-21.2078,-159.775,78.85,89,20,6.91
163,Qaqortoq,GL,2022-10-23 03:07:16,60.7167,-46.0333,36.05,89,100,10.27
164,Ancud,CL,2022-10-23 03:05:45,-41.8697,-73.8203,43.79,78,100,7.43
165,Ankpa,NG,2022-10-23 03:07:17,7.3706,7.6253,72.84,85,96,3.29
166,Acapulco,MX,2022-10-23 03:07:17,16.8634,-99.8901,80.42,78,75,9.22
167,Chicama,PE,2022-10-23 03:07:18,-7.8447,-79.1469,59.54,82,85,6.42
168,Damghan,IR,2022-10-23 03:07:18,36.1683,54.348,57.13,73,21,0.43
169,Pisco,PE,2022-10-23 03:07:19,-13.7,-76.2167,59.02,88,0,3.44
170,College,US,2022-10-23 03:07:19,64.8569,-147.8028,32.07,96,100,0.0
171,Katsuura,JP,2022-10-23 03:07:20,35.1333,140.3,73.67,61,10,12.53
172,Saskylakh,RU,2022-10-23 03:07:20,71.9167,114.0833,13.69,96,88,7.78
173,Coquimbo,CL,2022-10-23 03:07:20,-29.9533,-71.3436,55.13,87,100,1.14
174,Nagua,DO,2022-10-23 03:07:21,19.3832,-69.8474,77.68,85,13,5.12
175,Bensonville,LR,2022-10-23 03:07:22,6.4461,-10.6125,73.81,95,98,0.94
176,Grindavik,IS,2022-10-23 03:07:23,63.8424,-22.4338,43.27,100,100,17.27
177,Hasaki,JP,2022-10-23 03:04:32,35.7333,140.8333,77.29,55,57,4.09
178,Airai,TL,2022-10-23 03:07:23,-8.9266,125.4092,79.65,43,60,2.17
179,Duncan,US,2022-10-23 03:07:24,34.5023,-97.9578,78.69,47,0,13.8
180,Jiazi,CN,2022-10-23 03:07:24,22.8779,116.067,75.31,80,96,17.2
181,Sao Jose Da Coroa Grande,BR,2022-10-23 03:08:25,-8.8978,-35.1478,75.56,86,26,8.95
182,North Bend,US,2022-10-23 03:08:25,43.4065,-124.2243,49.86,100,100,5.75
183,Nsanje,MW,2022-10-23 03:08:26,-16.92,35.262,72.27,85,0,3.56
184,Placerville,US,2022-10-23 03:08:26,38.7296,-120.7986,58.23,40,0,10.36
185,Alofi,NU,2022-10-23 03:08:26,-19.0595,-169.9187,78.24,78,100,10.25
186,Oistins,BB,2022-10-23 03:08:27,13.0667,-59.5333,80.69,83,20,9.22
187,Caloundra,AU,2022-10-23 03:08:27,-26.8,153.1333,69.89,96,100,5.99
188,Santa Maria Del Oro,MX,2022-10-23 03:08:28,25.9333,-105.3667,70.99,43,100,3.96
189,Nantucket,US,2022-10-23 03:06:41,41.2835,-70.0995,58.14,93,0,5.75
190,Mount Isa,AU,2022-10-23 03:08:29,-20.7333,139.5,97.05,14,1,10.74
191,Harper,LR,2022-10-23 03:08:30,4.375,-7.7169,76.35,89,95,7.83
192,General Pico,AR,2022-10-23 03:06:23,-35.6566,-63.7568,45.99,51,31,9.13
193,Sao Filipe,CV,2022-10-23 03:04:57,14.8961,-24.4956,78.76,71,100,6.51
194,Vardo,NO,2022-10-23 03:08:31,70.3705,31.1107,31.98,80,75,11.5
195,Boyolangu,ID,2022-10-23 03:08:31,-8.1181,111.8935,84.76,72,99,5.44
196,Arlit,NE,2022-10-23 03:08:32,18.7369,7.3853,73.94,22,0,7.14
197,Miramar,US,2022-10-23 03:06:03,25.9873,-80.2323,77.02,75,0,4.61
198,Capao Bonito,BR,2022-10-23 03:08:33,-24.0058,-48.3494,59.68,92,96,7.96
199,Amos,CA,2022-10-23 03:08:33,48.5669,-78.1162,46.18,92,55,4.88
200,Vao,NC,2022-10-23 03:08:34,-22.6667,167.4833,72.45,78,100,26.91
201,Puerto Escondido,MX,2022-10-23 03:08:35,15.85,-97.0667,79.68,87,35,7.0
202,Keetmanshoop,NA,2022-10-23 03:08:35,-26.5833,18.1333,73.54,39,7,5.66
203,Elk City,US,2022-10-23 03:08:36,35.412,-99.4043,73.38,49,0,9.22
204,Sioux Lookout,CA,2022-10-23 03:08:36,50.1001,-91.917,45.79,79,100,6.33
205,Guaiuba,BR,2022-10-23 03:08:37,-4.0397,-38.6372,79.56,87,4,4.32
206,Fortuna,US,2022-10-23 03:08:37,40.5982,-124.1573,51.98,88,0,5.75
207,Bronnoysund,NO,2022-10-23 03:08:38,65.4625,12.1997,39.2,81,100,5.99
208,Barrhead,GB,2022-10-23 03:08:38,55.7992,-4.3929,56.73,89,100,6.91
209,Vuktyl,RU,2022-10-23 03:08:38,63.8567,57.3094,30.29,74,100,11.5
210,Sterling,US,2022-10-23 03:08:39,39.0062,-77.4286,54.39,83,20,4.61
211,Mikumi,TZ,2022-10-23 03:08:40,-7.4041,36.9831,70.03,86,99,2.08
212,Bagotville,AU,2022-10-23 03:08:40,-28.9833,153.4167,69.69,99,100,17.56
213,Upata,VE,2022-10-23 03:08:40,8.0086,-62.3989,72.55,93,29,3.09
214,Lasa,IT,2022-10-23 03:08:41,46.6166,10.7002,46.36,94,72,2.39
215,Kosh-Agach,RU,2022-10-23 03:08:41,50.0,88.6667,37.92,47,47,4.92
216,Ravar,IR,2022-10-23 03:08:42,31.2656,56.8055,66.61,20,0,2.1
217,Ngunguru,NZ,2022-10-23 03:08:42,-35.6167,174.5,59.94,58,0,6.71
218,Port Hardy,CA,2022-10-23 03:08:43,50.6996,-127.4199,47.35,78,16,12.62
219,Cherskiy,RU,2022-10-23 03:08:43,68.75,161.3,13.62,95,100,9.93
220,Ramkola,IN,2022-10-23 03:08:43,26.9042,83.8411,74.88,52,0,5.55
221,Kahului,US,2022-10-23 03:08:44,20.8947,-156.47,87.82,56,0,21.85
222,Kurilsk,RU,2022-10-23 03:08:44,45.2333,147.8833,46.13,86,85,23.02
223,Belyy Yar,RU,2022-10-23 03:09:45,53.6039,91.3903,39.09,93,0,0.0
224,Praia,CV,2022-10-23 03:09:45,14.9215,-23.5087,79.34,50,0,12.66
225,Mahibadhoo,MV,2022-10-23 03:09:46,3.7833,72.9667,81.75,78,100,16.51
226,Natal,BR,2022-10-23 03:08:45,-5.795,-35.2094,77.4,78,11,10.09
227,Samur,RU,2022-10-23 03:09:47,41.8253,48.486,52.14,88,100,3.83
228,Isangel,VU,2022-10-23 03:09:47,-19.55,169.2667,76.8,73,97,20.33
229,Olafsvik,IS,2022-10-23 03:09:48,64.8945,-23.7142,41.59,84,100,8.41
230,Obukhiv,UA,2022-10-23 03:09:48,50.11,30.6227,46.6,89,100,3.02
231,Seydisehir,TR,2022-10-23 03:09:15,37.4193,31.8453,38.91,51,0,3.36
232,Mae Sai,TH,2022-10-23 03:09:49,20.4335,99.8762,83.71,50,7,3.44
233,Samarai,PG,2022-10-23 03:09:49,-10.6167,150.6667,82.13,73,17,4.76
234,Toora-Khem,RU,2022-10-23 03:09:50,52.4675,96.11,41.04,50,28,3.29
235,Khatassy,RU,2022-10-23 03:09:50,61.9036,129.6383,26.58,86,100,4.94
236,Vestmanna,FO,2022-10-23 03:09:50,62.1564,-7.1664,41.92,81,75,5.75
237,Lompoc,US,2022-10-23 03:09:51,34.6391,-120.4579,61.57,82,75,11.5
238,Tomatlan,MX,2022-10-23 03:09:51,19.9333,-105.25,72.93,96,100,9.33
239,Peleduy,RU,2022-10-23 03:09:52,59.6289,112.7406,35.56,76,99,8.66
240,Bathsheba,BB,2022-10-23 03:04:59,13.2167,-59.5167,81.21,83,20,9.22
241,Snasa,NO,2022-10-23 03:09:52,64.2457,12.3778,38.61,99,100,4.9
242,Iquique,CL,2022-10-23 03:09:53,-20.2208,-70.1431,59.04,68,1,4.34
243,Kudahuvadhoo,MV,2022-10-23 03:09:31,2.6708,72.8944,81.66,71,91,14.85
244,Garowe,SO,2022-10-23 03:09:53,8.4054,48.4845,74.46,77,73,8.23
245,Umea,SE,2022-10-23 03:09:54,63.8284,20.2597,39.13,81,20,10.36
246,Nome,US,2022-10-23 03:07:07,64.5011,-165.4064,39.27,82,100,20.71
247,Isiro,CD,2022-10-23 03:09:54,2.7739,27.616,65.66,99,89,0.63
248,Merauke,ID,2022-10-23 03:09:55,-8.4667,140.3333,86.23,67,48,9.33
249,Comodoro Rivadavia,AR,2022-10-23 03:09:55,-45.8667,-67.5,58.37,28,39,6.15
250,Santo Antonio Do Leverger,BR,2022-10-23 03:09:56,-15.8656,-56.0767,73.04,90,100,1.1
251,Puri,IN,2022-10-23 03:09:56,19.8,85.85,79.32,71,92,17.52
252,Shamary,RU,2022-10-23 03:09:57,57.3434,58.2199,25.23,88,76,7.54
253,Linqiong,CN,2022-10-23 03:09:57,30.4159,103.4609,72.95,55,85,1.72
254,Sawtell,AU,2022-10-23 03:09:58,-30.3833,153.1,68.18,88,100,10.36
255,Maldonado,UY,2022-10-23 03:09:58,-34.6667,-54.9167,53.22,95,100,12.93
256,Novyy Urengoy,RU,2022-10-23 03:09:59,66.0833,76.6333,28.47,83,77,15.39
257,El Alto,PE,2022-10-23 03:09:59,-4.2714,-81.2147,61.52,88,100,15.86
258,Bonavista,CA,2022-10-23 03:10:00,48.6499,-53.1147,50.36,80,0,16.13
259,Severobaykalsk,RU,2022-10-23 03:10:00,55.65,109.3167,32.72,91,100,2.21
260,Chapais,CA,2022-10-23 03:10:01,49.7834,-74.8492,43.14,90,67,3.49
261,Okitipupa,NG,2022-10-23 03:10:02,6.5047,4.7839,73.53,97,43,1.12
262,Halifax,CA,2022-10-23 03:10:02,44.6453,-63.5724,55.22,94,94,3.0
263,Bayir,TR,2022-10-23 03:10:03,37.2687,28.2167,39.72,24,0,2.48
264,Vestmannaeyjar,IS,2022-10-23 03:10:03,63.4427,-20.2734,42.31,78,100,19.8
265,Ponta Delgada,PT,2022-10-23 03:10:04,37.7333,-25.6667,65.12,68,40,12.66
266,Carlisle,US,2022-10-23 03:08:45,40.2015,-77.1889,52.18,73,100,1.39
267,Urumqi,CN,2022-10-23 03:08:01,43.801,87.6005,47.35,53,0,2.24
268,Tasiilaq,GL,2022-10-23 03:10:05,65.6145,-37.6368,32.16,95,99,6.38
269,San Policarpo,PH,2022-10-23 03:10:05,12.1791,125.5072,82.99,82,61,6.53
270,Todos Santos,MX,2022-10-23 03:10:06,23.45,-110.2167,75.65,81,100,8.14
271,Dancheng,CN,2022-10-23 03:11:06,33.6333,115.1833,71.69,41,3,7.29
272,Borazjan,IR,2022-10-23 03:11:06,29.2666,51.2159,77.4,37,0,1.3
273,Quelimane,MZ,2022-10-23 03:11:07,-17.8786,36.8883,75.6,85,2,8.59
274,Berbera,SO,2022-10-23 03:11:07,10.4396,45.0143,81.5,75,33,2.93
275,Cortez,US,2022-10-23 03:11:08,37.3489,-108.5859,58.03,40,0,10.36
276,Mount Gambier,AU,2022-10-23 03:11:08,-37.8333,140.7667,56.05,75,100,12.97
277,Gouyave,GD,2022-10-23 03:11:09,12.1646,-61.7296,80.92,80,4,13.33
278,Burns Lake,CA,2022-10-23 03:11:09,54.2331,-125.7533,31.89,71,17,3.29
279,Mont-De-Marsan,FR,2022-10-23 03:11:10,44.0,-0.6667,74.68,82,99,3.44
280,Port Blair,IN,2022-10-23 03:11:10,11.6667,92.75,79.79,89,100,22.55
281,Gao,ML,2022-10-23 03:11:11,16.6362,1.637,76.48,17,90,17.16
282,Kysyl-Syr,RU,2022-10-23 03:11:11,63.8986,122.7617,26.04,90,99,4.63
283,Starkville,US,2022-10-23 03:09:43,33.4504,-88.8184,64.27,73,20,8.05
284,Kieta,PG,2022-10-23 03:11:12,-6.2167,155.6333,82.89,79,75,6.02
285,Gigmoto,PH,2022-10-23 03:11:12,13.7796,124.39,84.31,80,96,7.31
286,Yamada,JP,2022-10-23 03:11:13,39.4667,141.95,62.91,68,54,5.01
287,Labuan,MY,2022-10-23 03:11:13,5.2767,115.2417,81.12,80,100,5.32
288,Mecca,SA,2022-10-23 03:11:14,21.4267,39.8261,76.66,64,0,0.72
289,Srednekolymsk,RU,2022-10-23 03:11:14,67.45,153.6833,6.64,90,95,10.87
290,Bumba,CD,2022-10-23 03:11:15,2.1833,22.4667,69.85,94,58,2.51
291,Nouadhibou,MR,2022-10-23 03:10:59,20.931,-17.0347,69.71,88,8,20.2
292,Spring Valley,US,2022-10-23 03:10:27,36.108,-115.245,71.55,39,40,24.16
293,Carnarvon,AU,2022-10-23 03:11:16,-24.8667,113.6333,73.44,61,0,10.71
294,Itaueira,BR,2022-10-23 03:11:17,-7.6033,-43.0256,80.35,44,25,3.42
295,Camargo,MX,2022-10-23 03:11:17,27.6667,-105.1667,74.19,36,93,8.61
296,Marica,BR,2022-10-23 03:11:18,-22.9194,-42.8186,70.16,90,100,4.92
297,Souillac,MU,2022-10-23 03:11:18,-20.5167,57.5167,71.65,77,1,7.99
298,Rosario,AR,2022-10-23 03:11:18,-32.9468,-60.6393,54.95,78,0,4.61
299,Tamandare,BR,2022-10-23 03:11:19,-8.7597,-35.1047,75.16,86,23,8.05
300,Voh,NC,2022-10-23 03:11:19,-20.9667,164.7,74.12,88,100,6.11
301,Emmett,US,2022-10-23 03:11:20,43.8735,-116.4993,47.03,75,4,11.97
302,Pedernales,DO,2022-10-23 03:11:20,18.0384,-71.744,80.6,66,10,2.8
303,Casper,US,2022-10-23 03:08:10,42.8666,-106.3131,59.59,36,40,24.16
304,Belmonte,BR,2022-10-23 03:11:21,-15.8631,-38.8828,75.27,87,74,10.31
305,Imeni Poliny Osipenko,RU,2022-10-23 03:11:21,52.4201,136.4853,39.56,38,9,1.39
306,Ballina,AU,2022-10-23 03:11:22,-28.8667,153.5667,69.84,99,100,19.86
307,Marsaxlokk,MT,2022-10-23 03:11:15,35.8419,14.5431,61.41,88,0,2.3
308,Shenjiamen,CN,2022-10-23 03:11:23,29.9576,122.298,68.47,67,28,18.37
309,Mogocha,RU,2022-10-23 03:11:23,53.7333,119.7667,32.59,53,5,2.37
310,Limbuhan,PH,2022-10-23 03:11:24,11.8838,124.0501,83.95,76,30,6.85
311,Kavieng,PG,2022-10-23 03:11:24,-2.5744,150.7967,84.58,61,87,5.59
312,Hofn,IS,2022-10-23 03:11:24,64.2539,-15.2082,38.19,73,100,6.17
313,Port Macquarie,AU,2022-10-23 03:11:25,-31.4333,152.9167,65.19,88,100,9.19
314,Dolinsk,RU,2022-10-23 03:11:25,47.35,142.8,39.29,75,100,10.42
315,Los Llanos De Aridane,ES,2022-10-23 03:11:26,28.6585,-17.9182,67.75,86,0,2.3
316,Aksu,CN,2022-10-23 03:12:27,41.1231,80.2644,55.17,30,8,1.03
317,Tezu,IN,2022-10-23 03:12:27,27.9167,96.1667,81.07,46,97,1.79
318,Nador,MA,2022-10-23 03:12:28,35.174,-2.9287,68.25,56,0,3.44
319,Salalah,OM,2022-10-23 03:07:32,17.0151,54.0924,75.29,60,20,4.61
320,Aklavik,CA,2022-10-23 03:12:28,68.2191,-135.0107,10.18,98,88,4.0
321,Codrington,AU,2022-10-23 03:12:29,-38.2667,141.9667,56.12,78,100,18.86
322,Cururupu,BR,2022-10-23 03:12:29,-1.8283,-44.8683,76.03,87,67,4.16
323,Newton,US,2022-10-23 03:08:32,42.337,-71.2092,54.61,85,0,1.99
324,La Ronge,CA,2022-10-23 03:12:30,55.1001,-105.2842,34.77,71,22,4.32
325,Saint George,US,2022-10-23 03:12:30,37.1041,-113.5841,68.43,44,100,21.85
326,Mareeba,AU,2022-10-23 03:12:31,-17.0,145.4333,95.43,38,0,3.6
327,San Cristobal,VE,2022-10-23 03:12:31,7.7669,-72.225,65.95,95,90,1.48
328,High Level,CA,2022-10-23 03:12:32,58.5169,-117.136,28.51,100,100,9.22
329,Laguna,US,2022-10-23 03:12:32,38.421,-121.4238,66.49,29,0,8.05
330,Kihei,US,2022-10-23 03:12:33,20.785,-156.4656,87.82,64,0,21.85
331,Mandera,KE,2022-10-23 03:12:33,3.9366,41.867,76.77,69,54,12.26
332,Ambilobe,MG,2022-10-23 03:12:34,-13.2,49.05,70.34,78,31,2.77
333,Vitim,RU,2022-10-23 03:12:34,59.4511,112.5578,35.82,75,99,8.57
334,Sungairaya,ID,2022-10-23 03:12:35,0.7,108.9,84.97,71,80,3.6
335,Yurga,RU,2022-10-23 03:09:17,55.7231,84.8861,49.26,61,68,28.61
336,Abnub,EG,2022-10-23 03:11:06,27.2696,31.1511,66.99,65,0,6.02
337,Ostrovnoy,RU,2022-10-23 03:12:36,68.0531,39.5131,33.78,88,91,23.76
338,Tupancireta,BR,2022-10-23 03:12:36,-29.0806,-53.8358,56.86,87,0,3.06
339,Atar,MR,2022-10-23 03:12:36,20.5169,-13.0499,81.57,13,0,4.85
340,Pangody,RU,2022-10-23 03:12:37,65.85,74.4859,27.01,84,59,14.12
341,Ahuimanu,US,2022-10-23 03:12:08,21.4447,-157.8378,83.91,64,20,16.11
342,Lethem,GY,2022-10-23 03:12:38,3.3803,-59.7968,79.77,71,32,5.84
343,Jussara,BR,2022-10-23 03:12:38,-23.6214,-52.4694,66.2,82,0,3.13
344,Saquarema,BR,2022-10-23 03:12:39,-22.92,-42.5103,70.54,91,100,10.56
345,Whitehorse,CA,2022-10-23 03:12:39,60.7161,-135.0538,33.03,95,49,2.89
346,Shieli,KZ,2022-10-23 03:12:40,44.1667,66.75,45.55,71,22,4.68
347,San-Pedro,CI,2022-10-23 03:12:40,4.7485,-6.6363,75.81,91,70,6.29
348,Viedma,AR,2022-10-23 03:12:41,-40.8135,-62.9967,47.84,48,2,15.66
349,Baie-Comeau,CA,2022-10-23 03:10:02,49.2168,-68.1489,46.83,87,26,4.81
350,Xam Nua,LA,2022-10-23 03:12:41,20.4197,104.0439,77.23,53,65,5.48
351,Camacha,PT,2022-10-23 03:12:42,33.0833,-16.3333,63.82,77,20,9.22
352,Celestun,MX,2022-10-23 03:12:42,20.8667,-90.4,73.0,68,0,13.18
353,Emerald,AU,2022-10-23 03:12:43,-23.5333,148.1667,84.34,59,9,4.56
354,Mansa,IN,2022-10-23 03:12:43,29.9833,75.3833,73.51,37,0,1.3
355,Mandal,IN,2022-10-23 03:10:46,25.45,74.5667,74.66,33,0,1.25
356,Berlevag,NO,2022-10-23 03:09:32,70.8578,29.0864,35.6,86,100,13.8
357,Antofagasta,CL,2022-10-23 03:12:44,-23.65,-70.4,58.28,76,27,4.36
358,Botshabelo,ZA,2022-10-23 03:12:44,-29.2702,26.7052,57.87,80,78,10.89
359,Conde,BR,2022-10-23 03:12:45,-7.2597,-34.9075,74.39,83,41,8.08
360,Mayumba,GA,2022-10-23 03:12:45,-3.432,10.6554,76.33,91,100,5.66
361,Kyzyl-Suu,KG,2022-10-23 03:12:46,42.3414,78.0056,50.4,36,82,2.71
362,Chinhoyi,ZW,2022-10-23 03:12:46,-17.3667,30.2,67.23,52,2,6.11
363,Galle,LK,2022-10-23 03:13:47,6.0367,80.217,80.38,80,100,9.93
364,Egvekinot,RU,2022-10-23 03:13:47,66.3167,-179.1667,20.68,97,95,0.63
365,Half Moon Bay,US,2022-10-23 03:13:18,37.4636,-122.4286,61.14,70,100,17.27
366,Abha,SA,2022-10-23 03:13:48,18.2164,42.5053,52.05,24,0,0.0
367,Broken Hill,AU,2022-10-23 03:13:48,-31.95,141.4333,64.02,76,100,13.85
368,Turayf,SA,2022-10-23 03:13:49,31.6725,38.6637,66.18,47,0,7.85
369,Wanning,CN,2022-10-23 03:13:50,18.8003,110.3967,81.09,67,75,11.16
370,Synya,RU,2022-10-23 03:13:50,65.3718,58.0387,28.62,93,100,10.04
371,Kyra,RU,2022-10-23 03:13:50,49.5776,111.9753,38.23,49,7,3.18
372,Sitka,US,2022-10-23 03:13:51,57.0531,-135.33,42.69,81,75,5.75
373,Tacuarembo,UY,2022-10-23 03:13:51,-31.7333,-55.9833,47.35,96,0,8.99
374,Caxito,AO,2022-10-23 03:13:52,-8.5785,13.6643,75.45,88,100,4.56
375,Kochevo,RU,2022-10-23 03:13:52,59.5994,54.3125,27.63,80,56,8.66
376,Knysna,ZA,2022-10-23 03:13:53,-34.0363,23.0471,60.3,89,1,3.44
377,Sur,OM,2022-10-23 03:13:53,22.5667,59.5289,79.12,47,0,6.08
378,Mayor Pablo Lagerenza,PY,2022-10-23 03:13:53,-19.9309,-60.7718,72.05,48,22,5.55
379,Oriximina,BR,2022-10-23 03:13:24,-1.7656,-55.8661,78.71,73,100,2.86
380,Alta Floresta,BR,2022-10-23 03:13:54,-9.8756,-56.0861,69.6,95,67,3.56
381,Igarka,RU,2022-10-23 03:13:55,67.4667,86.5833,27.82,96,100,13.87
382,Zhanakorgan,KZ,2022-10-23 03:13:55,43.9098,67.2495,46.2,68,78,4.5
383,Bongandanga,CD,2022-10-23 03:13:56,1.5,21.05,68.61,98,56,1.05
384,Maxixe,MZ,2022-10-23 03:13:56,-23.8597,35.3472,69.87,89,62,2.8
385,Yelizovo,RU,2022-10-23 03:13:56,53.1873,158.3805,41.14,38,0,8.99
386,Ayan,RU,2022-10-23 03:13:57,56.45,138.1667,35.64,41,57,7.43
387,Heidelberg,ZA,2022-10-23 03:13:57,-26.5048,28.3592,61.95,94,79,6.4
388,Jalu,LY,2022-10-23 03:13:58,29.0331,21.5482,62.15,56,0,6.46
389,Itum-Kale,RU,2022-10-23 03:13:58,42.7356,45.5758,42.35,74,6,5.64
390,Aljezur,PT,2022-10-23 03:13:59,37.3191,-8.8033,64.6,88,100,11.45
391,Sioux Falls,US,2022-10-23 03:09:23,43.55,-96.7003,67.86,48,0,11.5
392,El Campo,US,2022-10-23 03:13:59,29.1966,-96.2697,72.77,88,0,6.91
393,Monte Alegre,BR,2022-10-23 03:14:00,-2.0078,-54.0692,77.95,71,77,3.44
394,Vanimo,PG,2022-10-23 03:14:00,-2.6741,141.3028,81.57,82,99,5.55
395,Havelock,US,2022-10-23 03:14:01,34.8791,-76.9013,62.96,81,0,13.8
396,Ahipara,NZ,2022-10-23 03:14:01,-35.1667,173.1667,63.99,53,0,1.81
397,Sirjan,IR,2022-10-23 03:14:01,29.452,55.6814,58.03,24,0,1.12
398,Poum,NC,2022-10-23 03:14:02,-20.2333,164.0167,75.33,88,100,25.88
399,Bozoum,CF,2022-10-23 03:14:03,6.3193,16.3799,68.34,98,100,2.64
400,Gay,RU,2022-10-23 03:14:03,51.4666,58.4552,27.63,76,53,6.71
401,Prince Rupert,CA,2022-10-23 03:10:11,54.3161,-130.3201,43.16,77,20,1.81
402,Dunedin,NZ,2022-10-23 03:11:18,-45.8742,170.5036,63.05,53,27,3.85
403,Ugoofaaru,MV,2022-10-23 03:14:04,5.6667,73.0,80.69,83,80,13.91
404,Komsomolskiy,UZ,2022-10-23 03:14:04,40.4272,71.7189,54.32,71,100,4.61
405,Benalla,AU,2022-10-23 03:14:05,-36.55,145.9833,76.86,69,24,4.68
406,Iwanai,JP,2022-10-23 03:14:06,42.9744,140.5089,51.04,70,74,8.41
407,Botwood,CA,2022-10-23 03:15:06,49.1499,-55.3482,44.91,75,0,10.31
408,Verkhoyansk,RU,2022-10-23 03:15:07,67.5447,133.385,10.81,91,97,2.89
409,Teguldet,RU,2022-10-23 03:15:07,57.3064,88.1667,52.79,62,100,18.59
410,Lake Havasu City,US,2022-10-23 03:14:33,34.4839,-114.3224,80.22,33,0,14.97
411,Dustlik,UZ,2022-10-23 03:15:08,40.5247,68.0358,50.02,87,100,7.07
412,Ust-Kulom,RU,2022-10-23 03:15:08,61.6864,53.6902,29.08,77,100,9.98
413,Nueva Loja,EC,2022-10-23 03:15:09,0.0847,-76.8828,72.7,94,100,1.7
414,Gamba,GA,2022-10-23 03:12:46,-2.65,10.0,75.9,91,100,4.38
415,Sao Joao Da Barra,BR,2022-10-23 03:15:10,-21.6403,-41.0511,72.36,89,100,12.12
416,Belen,TR,2022-10-23 03:15:10,36.4891,36.2233,46.54,82,20,2.3
417,Tekeli,KZ,2022-10-23 03:15:11,44.83,78.8239,46.98,61,100,4.23
418,Carutapera,BR,2022-10-23 03:15:11,-1.195,-46.02,77.43,85,20,6.17
419,Yar-Sale,RU,2022-10-23 03:14:05,66.8333,70.8333,29.28,85,96,14.38
420,Nybro,SE,2022-10-23 03:15:12,56.7446,15.9071,49.05,97,99,3.11
421,Burnie,AU,2022-10-23 03:15:12,-41.0667,145.9167,58.95,68,100,15.37
422,Bahia Honda,CU,2022-10-23 03:15:13,22.9036,-83.1592,73.06,82,2,8.14
423,Maneadero,MX,2022-10-23 03:15:13,31.7167,-116.5667,65.1,76,87,1.01
424,Mayo,US,2022-10-23 03:15:14,38.8876,-76.5119,58.95,80,0,3.44
425,Deputatskiy,RU,2022-10-23 03:15:14,69.3,139.9,0.91,94,99,5.39
426,Devgarh,IN,2022-10-23 03:15:15,25.5333,73.9,75.42,27,0,0.94
427,Yerbogachen,RU,2022-10-23 03:15:15,61.2767,108.0108,33.44,90,100,12.71
428,Phonhong,LA,2022-10-23 03:15:16,18.5007,102.4166,81.09,70,66,1.3
429,Kavaratti,IN,2022-10-23 03:15:16,10.5669,72.642,81.72,74,72,5.03
430,Sao Pedro,BR,2022-10-23 03:15:16,-22.5486,-47.9139,65.64,80,0,8.05
431,Ginda,IN,2022-10-23 03:15:17,30.6945,78.4932,60.19,39,0,0.83
432,Westport,US,2022-10-23 03:15:04,41.1415,-73.3579,54.9,84,0,4.61
433,Manono,CD,2022-10-23 03:15:18,-7.3,27.4167,67.46,92,55,1.05
434,Monrovia,LR,2022-10-23 03:15:18,6.3005,-10.7969,76.78,87,100,2.91
435,Mwene-Ditu,CD,2022-10-23 03:15:19,-7.0,23.45,64.26,96,68,3.22
436,Dese,ET,2022-10-23 03:15:19,11.1333,39.6333,49.32,70,2,1.97
437,Gazojak,TM,2022-10-23 03:15:20,41.1875,61.4036,47.98,55,100,6.98
438,Kuala Pilah,MY,2022-10-23 03:15:20,2.7389,102.2487,74.64,97,100,2.98
439,Fairbanks,US,2022-10-23 03:15:20,64.8378,-147.7164,32.09,96,100,0.0
440,Darnah,LY,2022-10-23 03:15:21,32.767,22.6367,65.88,66,0,7.54
441,Meulaboh,ID,2022-10-23 03:15:21,4.1363,96.1285,81.84,73,80,5.5
442,Masallatah,LY,2022-10-23 03:15:22,32.6167,14.0,66.61,75,0,8.95
443,Bahia Blanca,AR,2022-10-23 03:15:22,-38.7196,-62.2724,47.32,44,0,8.3
444,Carsamba,TR,2022-10-23 03:15:23,41.1989,36.7219,52.79,93,0,5.75
445,Praya,CV,2022-10-23 03:15:23,14.9215,-23.5087,79.34,50,0,12.66
446,Longyearbyen,SJ,2022-10-23 03:15:24,78.2186,15.6401,19.24,73,75,8.05
447,Jizan,SA,2022-10-23 03:15:24,17.3333,42.6667,79.25,72,3,1.81
448,Naifaru,MV,2022-10-23 03:15:25,5.4444,73.3657,80.78,81,87,13.38
449,Quang Ngai,VN,2022-10-23 03:12:22,15.1167,108.8,82.06,70,70,10.54
450,Takoradi,GH,2022-10-23 03:15:25,4.8845,-1.7554,76.95,87,92,4.14
451,Husavik,IS,2022-10-23 03:15:26,66.0449,-17.3389,30.47,71,100,10.83
452,Kitakata,JP,2022-10-23 03:15:26,37.65,139.8667,65.73,65,78,7.74
453,Dubbo,AU,2022-10-23 03:15:27,-32.25,148.6167,71.11,75,90,4.83
454,Nanortalik,GL,2022-10-23 03:15:27,60.1432,-45.2371,38.34,81,100,8.19
455,Narayanganj,BD,2022-10-23 03:16:28,23.6233,90.5011,82.42,76,100,5.66
456,Jamame,SO,2022-10-23 03:16:28,0.0722,42.7506,75.81,85,15,8.39
457,Tangshan,CN,2022-10-23 03:11:32,39.6333,118.1833,63.9,24,0,9.98
458,Sabzevar,IR,2022-10-23 03:16:29,36.2126,57.6819,54.68,82,2,11.5
459,Albania,AL,2022-10-23 03:15:09,41.0,20.0,59.86,51,51,3.22
460,Chokurdakh,RU,2022-10-23 03:16:30,70.6333,147.9167,12.36,95,100,10.83
461,Lagoa,PT,2022-10-23 03:11:51,39.05,-27.9833,63.66,83,100,17.92
462,Miraflores,MX,2022-10-23 03:16:30,19.2167,-98.8083,66.97,88,72,2.62
463,Waipawa,NZ,2022-10-23 03:16:31,-41.4122,175.5153,63.12,44,3,14.18
464,Pasighat,IN,2022-10-23 03:16:31,28.0667,95.3333,78.31,49,99,2.28
465,Ati,TD,2022-10-23 03:16:32,13.2154,18.3353,84.67,40,65,7.83
466,Tondano,ID,2022-10-23 03:12:41,1.3038,124.9112,77.09,65,99,1.86
467,Takab,IR,2022-10-23 03:16:32,36.4009,47.1133,49.6,76,22,3.42
468,Bac Lieu,VN,2022-10-23 03:16:33,9.285,105.7244,84.16,71,87,3.47
469,Ucluelet,CA,2022-10-23 03:16:33,48.9329,-125.5528,45.09,85,6,5.32
470,Saucillo,MX,2022-10-23 03:16:34,28.0167,-105.2833,76.14,33,48,8.28
471,Jaisalmer,IN,2022-10-23 03:16:08,26.9147,70.9181,80.76,20,0,6.78
472,Ler,SS,2022-10-23 03:16:35,8.3018,30.1418,71.38,89,38,1.66
473,Erenhot,CN,2022-10-23 03:16:35,43.6475,111.9767,46.98,30,0,8.3
474,Seoul,KR,2022-10-23 03:16:36,37.5683,126.9778,63.79,59,0,8.05
475,Puerto Baquerizo Moreno,EC,2022-10-23 03:12:34,-0.9,-89.6,67.55,81,88,10.98
476,Cherbourg,FR,2022-10-23 03:16:36,49.6386,-1.6147,60.51,88,0,9.22
477,Barahona,DO,2022-10-23 03:16:37,18.2085,-71.1008,77.63,78,2,1.12
478,Acarau,BR,2022-10-23 03:16:37,-2.8856,-40.12,78.85,77,0,13.24
479,Darovskoy,RU,2022-10-23 03:16:38,58.77,47.9564,28.38,94,33,6.89
480,Upington,ZA,2022-10-23 03:16:38,-28.4478,21.2561,66.58,82,0,3.44
481,Izumo,JP,2022-10-23 03:12:47,35.3667,132.7667,68.0,54,17,6.22
482,Margate,GB,2022-10-23 03:16:39,51.3813,1.3862,61.9,93,100,1.99
483,Jimo,CN,2022-10-23 03:16:39,36.3897,120.4622,64.18,32,0,2.24
484,Ontario,US,2022-10-23 03:15:04,34.0633,-117.6509,63.77,85,100,12.66
485,Severo-Kurilsk,RU,2022-10-23 03:16:40,50.6789,156.125,40.5,73,100,4.12
486,Henties Bay,NA,2022-10-23 03:16:40,-22.116,14.2845,57.09,94,41,5.01
487,Ewa Beach,US,2022-10-23 03:16:22,21.3156,-158.0072,84.15,56,0,16.11
488,Aquiraz,BR,2022-10-23 03:16:41,-3.9014,-38.3911,80.19,80,6,11.54
489,Yelanskiy,RU,2022-10-23 03:16:41,56.8419,62.5014,28.33,78,19,11.86
490,Tipuani,BO,2022-10-23 03:16:42,-15.5648,-68.0185,69.62,91,100,1.34
491,Dhidhdhoo,MV,2022-10-23 03:16:42,6.8833,73.1,80.83,82,71,10.92
492,Mizan Teferi,ET,2022-10-23 03:16:43,6.9833,35.5833,59.14,97,80,3.13
493,Jhawarian,PK,2022-10-23 03:16:44,32.3614,72.6228,73.17,24,0,2.71
494,Grants Pass,US,2022-10-23 03:16:44,42.439,-123.3284,47.25,91,100,4.61
495,Hurghada,EG,2022-10-23 03:15:02,27.2574,33.8129,73.18,49,0,14.61
496,Asyut,EG,2022-10-23 03:16:45,27.181,31.1837,67.08,62,0,6.13
497,Canon City,US,2022-10-23 03:16:45,38.441,-105.2424,64.56,22,0,10.36
498,Mogadishu,SO,2022-10-23 03:16:46,2.0371,45.3438,77.54,81,54,10.92
499,Fukuma,JP,2022-10-23 03:16:46,33.7667,130.4667,74.28,55,0,11.14
500,Loei,TH,2022-10-23 03:17:47,17.4167,101.5,72.77,69,100,3.29
501,San Quintin,MX,2022-10-23 03:17:47,30.4833,-115.95,66.51,71,93,8.01
502,Calbuco,CL,2022-10-23 03:17:48,-41.768,-73.1273,45.61,81,86,7.74
503,Zinder,NE,2022-10-23 03:17:48,13.8072,8.9881,76.89,20,0,12.46
504,Eureka,US,2022-10-23 03:14:18,40.8021,-124.1637,52.25,86,10,1.01
505,Gornopravdinsk,RU,2022-10-23 03:17:49,60.05,69.9,28.94,86,83,9.13
506,Byron Bay,AU,2022-10-23 03:14:53,-28.65,153.6167,69.76,97,100,18.28
507,Vaitape,PF,2022-10-23 03:17:49,-16.5167,-151.75,79.3,74,13,11.65
508,Trnava,SK,2022-10-23 03:17:50,48.3774,17.5872,50.88,92,90,1.57
509,Chateau-Gontier,FR,2022-10-23 03:17:50,47.8333,-0.7,62.76,81,100,11.21
510,Bosanski Novi,BA,2022-10-23 03:17:51,45.0458,16.3803,56.71,94,65,3.0
511,Sabang,ID,2022-10-23 03:17:51,5.8933,95.3214,81.39,77,31,12.17
512,Pacific Grove,US,2022-10-23 03:15:58,36.6177,-121.9166,58.1,76,0,21.99
513,Fort-Shevchenko,KZ,2022-10-23 03:17:52,44.5086,50.263,46.45,71,26,6.69
514,Filotion,GR,2022-10-23 03:17:52,37.05,25.5,57.43,80,0,4.43
515,Turukhansk,RU,2022-10-23 03:17:53,65.8167,87.9833,24.22,93,89,13.11
516,Marevo,RU,2022-10-23 03:17:53,57.3146,32.0804,35.94,96,34,5.86
517,Camapua,BR,2022-10-23 03:17:54,-19.5314,-54.0439,69.87,81,84,5.66
518,Lakes Entrance,AU,2022-10-23 03:17:54,-37.8811,147.981,61.16,80,91,13.31
519,Betioky,MG,2022-10-23 03:17:55,-23.7167,44.3833,68.56,86,29,0.67
520,Vlad Tepes,RO,2022-10-23 03:17:55,44.35,27.0833,56.75,46,100,12.73
521,Saint-Augustin,CA,2022-10-23 03:14:38,51.226,-58.6502,46.94,82,88,12.91
522,Cayenne,GF,2022-10-23 03:17:56,4.9333,-52.3333,78.84,89,0,2.3
523,Atambua,ID,2022-10-23 03:17:56,-9.1061,124.8925,87.71,55,40,5.82
524,Rawson,AR,2022-10-23 03:17:57,-43.3002,-65.1023,65.26,24,82,31.92
525,Sorland,NO,2022-10-23 03:17:57,67.667,12.6934,40.86,62,100,20.49
526,Ouallam,NE,2022-10-23 03:17:57,14.3188,2.0866,81.64,20,31,11.3
527,Mundo Novo,BR,2022-10-23 03:17:58,-11.8589,-40.4725,68.58,91,30,4.81
528,Freeport,US,2022-10-23 03:16:24,40.6576,-73.5832,59.38,82,75,5.75
529,Karad,IN,2022-10-23 03:17:59,17.2833,74.2,71.13,69,1,6.89
530,Mirnyy,RU,2022-10-23 03:17:59,62.5353,113.9611,30.9,86,97,10.67
531,Oranjestad,AW,2022-10-23 03:17:59,12.524,-70.027,82.9,84,20,11.5
532,Thinadhoo,MV,2022-10-23 03:18:00,0.5333,72.9333,81.93,75,85,12.21
533,Kushmurun,KZ,2022-10-23 03:18:00,52.4503,64.6311,24.13,90,9,9.37
534,Tura,IN,2022-10-23 03:18:01,25.5198,90.2201,81.25,56,66,2.59
535,Manglaur,IN,2022-10-23 03:18:01,29.8,77.8667,69.67,53,0,3.56
536,Vostok,RU,2022-10-23 03:18:02,46.4856,135.8833,33.8,60,90,6.73
537,Sola,VU,2022-10-23 03:18:02,-13.8833,167.55,75.87,94,100,0.0
538,Zyryanka,RU,2022-10-23 03:16:19,65.75,150.85,8.37,83,42,6.58
539,Khani,GE,2022-10-23 03:18:03,41.9563,42.9566,31.57,73,12,5.44
540,Najran,SA,2022-10-23 03:18:03,17.4924,44.1277,59.65,30,0,2.82
541,Bay Roberts,CA,2022-10-23 03:18:04,47.5999,-53.2648,52.34,88,0,10.87
542,Batemans Bay,AU,2022-10-23 03:18:04,-35.7167,150.1833,61.61,92,100,8.25
543,Sandwick,GB,2022-10-23 03:18:05,60.0,-1.25,51.62,93,100,16.11
544,Port-Gentil,GA,2022-10-23 03:18:05,-0.7193,8.7815,77.56,87,100,5.01
545,Sikasso,ML,2022-10-23 03:18:06,10.9167,-7.0,76.6,70,93,2.15
546,Kushima,JP,2022-10-23 03:18:06,31.4583,131.2333,77.63,54,15,4.92
547,Huilong,CN,2022-10-23 03:18:07,31.8111,121.655,67.95,60,40,15.93
548,Dingle,PH,2022-10-23 03:19:07,10.9995,122.6711,86.81,68,100,6.64
549,Ventspils,LV,2022-10-23 03:19:08,57.3894,21.5606,51.73,100,100,12.66
550,Terra Santa,BR,2022-10-23 03:19:09,-2.1042,-56.4869,77.85,79,100,3.27
551,Hualmay,PE,2022-10-23 03:19:09,-11.0964,-77.6139,61.45,83,84,9.08
552,Port Hedland,AU,2022-10-23 03:15:50,-20.3167,118.5667,89.65,51,2,19.57
553,Olkusz,PL,2022-10-23 03:19:10,50.2813,19.565,51.19,99,29,5.77
554,Oussouye,SN,2022-10-23 03:19:10,12.485,-16.5469,77.32,84,2,1.79
