City_ID,City,Country,Date,Lat,Lng,Max Temp,Humidity,Cloudiness,Wind Speed,Description
0,Honningsvag,NO,2022-10-25 23:09:25,70.9821,25.9704,33.55,75,100,17.27,overcast clouds
1,Otane,NZ,2022-10-25 23:09:26,-39.8833,176.6333,66.0,55,59,3.29,broken clouds
2,Ushuaia,AR,2022-10-25 23:09:26,-54.8,-68.3,49.66,46,75,8.05,broken clouds
3,Florianopolis,BR,2022-10-25 23:09:27,-27.6146,-48.5012,67.23,74,100,6.91,overcast clouds
4,New Norfolk,AU,2022-10-25 23:09:28,-42.7826,147.0587,55.92,84,100,4.0,overcast clouds
5,Vieques,PR,2022-10-25 23:09:28,18.425,-65.8329,84.22,74,40,6.91,scattered clouds
6,Victoria,HK,2022-10-25 23:06:49,22.2855,114.1577,73.45,71,98,11.99,overcast clouds
7,Saint George,US,2022-10-25 23:04:57,37.1041,-113.5841,66.43,24,0,1.99,clear sky
8,Atuona,PF,2022-10-25 23:09:29,-9.8,-139.0333,77.49,67,2,18.07,clear sky
9,Hasaki,JP,2022-10-25 23:09:30,35.7333,140.8333,54.0,64,100,29.66,overcast clouds
10,Mahebourg,MU,2022-10-25 23:09:30,-20.4081,57.7,72.25,80,5,12.68,light rain
11,Tuktoyaktuk,CA,2022-10-25 23:09:31,69.4541,-133.0374,11.21,93,63,7.18,broken clouds
12,Dwarka,IN,2022-10-25 23:09:31,22.2394,68.9678,79.32,62,0,10.38,clear sky
13,Punta Arenas,CL,2022-10-25 23:09:32,-53.15,-70.9167,48.31,66,100,14.97,light rain
14,Avarua,CK,2022-10-25 23:09:33,-21.2078,-159.775,77.05,57,100,6.91,overcast clouds
15,Fuengirola,ES,2022-10-25 23:09:33,36.54,-4.6247,72.84,43,0,0.0,clear sky
16,Albany,US,2022-10-25 23:08:53,42.6001,-73.9662,67.39,91,89,1.99,overcast clouds
17,Fez,MA,2022-10-25 23:09:34,34.0372,-4.9998,68.25,32,0,6.91,clear sky
18,Mataura,NZ,2022-10-25 23:09:34,-46.1927,168.8643,53.47,71,100,4.5,overcast clouds
19,Fortuna,US,2022-10-25 23:09:35,40.5982,-124.1573,57.65,82,0,13.8,clear sky
20,Arraial Do Cabo,BR,2022-10-25 23:09:16,-22.9661,-42.0278,71.33,81,7,10.27,clear sky
21,Fairhope,US,2022-10-25 23:09:36,30.523,-87.9033,77.02,81,100,8.99,overcast clouds
22,Port Alfred,ZA,2022-10-25 23:09:36,-33.5906,26.891,60.19,91,99,4.0,overcast clouds
23,Hermanus,ZA,2022-10-25 23:09:37,-34.4187,19.2345,59.81,77,100,12.5,overcast clouds
24,Surt,LY,2022-10-25 23:09:37,31.2089,16.5887,73.81,68,0,8.34,clear sky
25,Vardo,NO,2022-10-25 23:09:38,70.3705,31.1107,30.18,86,100,16.11,overcast clouds
26,Rikitea,PF,2022-10-25 23:09:38,-23.1203,-134.9692,73.33,74,62,16.98,broken clouds
27,Amahai,ID,2022-10-25 23:09:39,-3.3333,128.9167,81.72,79,91,1.21,overcast clouds
28,Ribeira Grande,PT,2022-10-25 23:09:39,38.5167,-28.7,61.77,72,88,5.01,overcast clouds
29,Vaini,TO,2022-10-25 23:09:40,-21.2,-175.2,71.76,83,75,6.91,broken clouds
30,Tasiilaq,GL,2022-10-25 23:09:41,65.6145,-37.6368,32.16,96,100,3.71,light snow
31,Hilo,US,2022-10-25 23:09:42,19.7297,-155.09,81.63,84,100,8.05,haze
32,Quatre Cocos,MU,2022-10-25 23:09:42,-20.2078,57.7625,72.09,79,20,12.3,light rain
33,Yumen,CN,2022-10-25 23:09:43,40.2833,97.2,38.91,49,0,8.25,clear sky
34,Butaritari,KI,2022-10-25 23:09:43,3.0707,172.7902,81.52,75,61,3.74,light rain
35,Sao Filipe,CV,2022-10-25 23:08:43,14.8961,-24.4956,78.53,79,87,7.96,overcast clouds
36,Kruisfontein,ZA,2022-10-25 23:09:44,-34.0033,24.7314,58.89,77,100,9.95,overcast clouds
37,Georgetown,MY,2022-10-25 23:08:46,5.4112,100.3354,78.24,90,40,2.3,scattered clouds
38,Cherskiy,RU,2022-10-25 23:09:45,68.75,161.3,-3.68,91,58,6.44,broken clouds
39,North Bend,US,2022-10-25 23:09:45,43.4065,-124.2243,58.91,80,0,12.66,clear sky
40,Busselton,AU,2022-10-25 23:09:46,-33.65,115.3333,55.72,86,78,7.49,broken clouds
41,Khatanga,RU,2022-10-25 23:09:47,71.9667,102.5,1.35,99,87,6.33,overcast clouds
42,Pilar,BR,2022-10-25 23:09:48,-9.5972,-35.9567,75.13,82,62,9.01,broken clouds
43,East London,ZA,2022-10-25 23:08:09,-33.0153,27.9116,64.02,69,100,10.09,overcast clouds
44,Ostrovnoy,RU,2022-10-25 23:09:49,68.0531,39.5131,31.06,89,91,17.92,overcast clouds
45,Cape Town,ZA,2022-10-25 23:07:01,-33.9258,18.4232,63.12,76,41,11.01,scattered clouds
46,Saldanha,ZA,2022-10-25 23:10:50,-33.0117,17.9442,59.43,89,15,15.01,few clouds
47,Bereda,ES,2022-10-25 23:10:50,43.2686,-7.5406,60.42,88,52,9.44,broken clouds
48,Touros,BR,2022-10-25 23:07:33,-5.1989,-35.4608,78.01,77,47,14.43,scattered clouds
49,Esperance,AU,2022-10-25 23:10:51,-33.8667,121.9,59.77,69,19,9.57,few clouds
50,Barrow,US,2022-10-25 23:10:52,71.2906,-156.7887,19.42,93,100,21.85,overcast clouds
51,Lompoc,US,2022-10-25 23:08:03,34.6391,-120.4579,78.01,66,0,25.32,clear sky
52,Tutoia,BR,2022-10-25 23:10:53,-2.7619,-42.2744,79.41,83,96,13.69,overcast clouds
53,Bengkulu,ID,2022-10-25 23:10:00,-3.8004,102.2655,74.05,93,100,5.59,overcast clouds
54,Beringovskiy,RU,2022-10-25 23:10:54,63.05,179.3167,21.31,76,94,9.98,overcast clouds
55,Ketchikan,US,2022-10-25 23:10:19,55.3422,-131.6461,45.07,76,40,9.22,scattered clouds
56,Nikolskoye,RU,2022-10-25 23:10:55,59.7035,30.7861,35.49,92,100,7.58,snow
57,Margate,GB,2022-10-25 23:07:47,51.3813,1.3862,61.3,86,100,4.0,overcast clouds
58,Dandong,CN,2022-10-25 23:10:56,40.1292,124.3947,44.64,68,1,4.65,clear sky
59,Kaitangata,NZ,2022-10-25 23:10:57,-46.2817,169.8464,56.66,58,100,5.3,light rain
60,Bluff,NZ,2022-10-25 23:10:58,-46.6,168.3333,53.8,89,100,15.48,light rain
61,Rio Gallegos,AR,2022-10-25 23:10:59,-51.6226,-69.2181,45.41,67,100,31.59,overcast clouds
62,Ilebo,CD,2022-10-25 23:11:00,-4.3167,20.5833,70.27,96,23,2.04,few clouds
63,Jieshi,CN,2022-10-25 23:11:02,22.8134,115.8257,68.05,75,100,17.0,overcast clouds
64,Mar Del Plata,AR,2022-10-25 23:07:02,-38.0023,-57.5575,68.09,85,0,5.99,light rain
65,Lavrentiya,RU,2022-10-25 23:11:04,65.5833,-171.0,27.28,74,90,13.0,overcast clouds
66,Richards Bay,ZA,2022-10-25 23:11:05,-28.783,32.0377,70.63,84,80,18.92,broken clouds
67,High Rock,BS,2022-10-25 23:11:05,26.6208,-78.2833,77.02,69,2,9.33,clear sky
68,Uvalde,US,2022-10-25 23:11:06,29.3669,-99.767,75.31,22,0,5.75,clear sky
69,Tiksi,RU,2022-10-25 23:11:06,71.6872,128.8694,18.52,91,100,13.0,overcast clouds
70,Kikwit,CD,2022-10-25 23:11:07,-5.041,18.8162,71.13,94,100,2.42,overcast clouds
71,Kodiak,US,2022-10-25 23:11:08,57.79,-152.4072,45.91,76,75,0.0,broken clouds
72,Pimenteiras,BR,2022-10-25 23:11:09,-6.2453,-41.4192,76.68,77,79,2.62,broken clouds
73,Camacha,PT,2022-10-25 23:11:10,33.0833,-16.3333,67.42,88,20,11.5,few clouds
74,Gap,FR,2022-10-25 23:11:11,44.6667,6.0,44.83,77,67,5.19,broken clouds
75,Hobart,AU,2022-10-25 23:06:56,-42.8794,147.3294,56.26,97,75,19.57,mist
76,Batagay,RU,2022-10-25 23:11:12,67.6333,134.6333,12.7,92,100,2.8,overcast clouds
77,Panjab,AF,2022-10-25 23:11:13,34.388,67.0233,37.02,57,5,4.32,clear sky
78,Jiazi,CN,2022-10-25 23:11:15,22.8779,116.067,67.78,74,99,16.87,overcast clouds
79,Puli,TW,2022-10-25 23:11:15,23.9664,120.9695,73.22,72,94,2.66,overcast clouds
80,Bredasdorp,ZA,2022-10-25 23:11:17,-34.5322,20.0403,60.78,74,100,7.85,overcast clouds
81,Kapaa,US,2022-10-25 23:11:18,22.0752,-159.319,84.52,73,0,17.27,clear sky
82,Saint Andrews,US,2022-10-25 23:11:19,34.0454,-81.1293,69.39,66,40,8.05,scattered clouds
83,Sur,OM,2022-10-25 23:08:12,22.5667,59.5289,79.65,48,0,8.01,clear sky
84,Qaanaaq,GL,2022-10-25 23:07:53,77.484,-69.3632,21.92,96,100,2.26,light snow
85,Wattegama,LK,2022-10-25 23:11:20,6.7989,81.4808,72.81,95,100,1.59,moderate rain
86,Yairipok,IN,2022-10-25 23:11:21,24.6667,94.0667,61.38,98,53,1.39,broken clouds
87,Samarai,PG,2022-10-25 23:11:21,-10.6167,150.6667,82.42,68,15,8.23,few clouds
88,Hithadhoo,MV,2022-10-25 23:11:23,-0.6,73.0833,82.38,72,36,12.19,scattered clouds
89,Padang,ID,2022-10-25 23:11:12,-0.9492,100.3543,75.87,91,100,3.6,moderate rain
90,Flinders,AU,2022-10-25 23:12:24,-34.5833,150.8552,73.06,78,59,1.99,broken clouds
91,Miles City,US,2022-10-25 23:12:25,46.4083,-105.8406,49.17,46,75,10.36,broken clouds
92,Lebu,CL,2022-10-25 23:12:26,-37.6167,-73.65,55.31,91,85,10.13,overcast clouds
93,Elat,IL,2022-10-25 23:10:37,29.5581,34.9482,78.64,47,0,3.44,clear sky
94,Sterling,US,2022-10-25 23:12:27,39.0062,-77.4286,62.42,86,75,6.91,broken clouds
95,San Patricio,US,2022-10-25 23:12:27,28.017,-97.5169,77.09,23,0,6.64,clear sky
96,Jamestown,US,2022-10-25 23:12:28,42.097,-79.2353,62.06,59,100,6.91,overcast clouds
97,Qasigiannguit,GL,2022-10-25 23:12:28,68.8193,-51.1922,26.85,96,100,9.84,light snow
98,Longyearbyen,SJ,2022-10-25 23:12:29,78.2186,15.6401,12.04,73,20,11.5,few clouds
99,Tucuman,AR,2022-10-25 23:10:13,-26.8241,-65.2226,89.6,35,20,8.05,few clouds
100,Port Pirie,AU,2022-10-25 23:12:30,-33.1833,138.0167,60.55,81,96,2.82,overcast clouds
101,Kiruna,SE,2022-10-25 23:12:31,67.8557,20.2251,23.67,92,97,2.33,overcast clouds
102,Calbuco,CL,2022-10-25 23:12:31,-41.768,-73.1273,61.81,90,100,5.57,light rain
103,Bambous Virieux,MU,2022-10-25 23:12:33,-20.3428,57.7575,72.21,79,9,12.88,light rain
104,Kropotkin,RU,2022-10-25 23:12:34,45.4375,40.5756,50.22,77,69,6.46,broken clouds
105,Hofn,IS,2022-10-25 23:12:34,64.2539,-15.2082,42.31,83,100,17.76,overcast clouds
106,Broome,US,2022-10-25 23:12:35,42.2506,-75.833,67.32,82,20,5.75,few clouds
107,Tucurui,BR,2022-10-25 23:12:35,-3.7661,-49.6725,81.54,72,100,2.77,overcast clouds
108,Qorveh,IR,2022-10-25 23:12:36,35.1664,47.8045,48.09,55,8,1.88,clear sky
109,Rawson,AR,2022-10-25 23:10:50,-43.3002,-65.1023,58.15,55,100,15.32,overcast clouds
110,Torbay,CA,2022-10-25 23:12:37,47.6666,-52.7314,54.5,86,0,1.99,clear sky
111,Los Llanos De Aridane,ES,2022-10-25 23:12:38,28.6585,-17.9182,65.95,77,75,8.01,broken clouds
112,Tura,IN,2022-10-25 23:12:39,25.5198,90.2201,64.02,97,42,2.89,scattered clouds
113,Punto Fijo,VE,2022-10-25 23:12:39,11.6956,-70.1996,83.25,73,98,11.36,overcast clouds
114,Port Elizabeth,ZA,2022-10-25 23:12:40,-33.918,25.5701,61.11,83,97,7.63,light rain
115,Lucea,JM,2022-10-25 23:12:41,18.451,-78.1736,82.85,74,7,8.75,clear sky
116,Bestobe,KZ,2022-10-25 23:12:42,52.4994,73.0975,36.25,33,100,7.78,overcast clouds
117,Dikson,RU,2022-10-25 23:12:43,73.5069,80.5464,22.89,85,98,1.32,overcast clouds
118,Lorengau,PG,2022-10-25 23:12:43,-2.0226,147.2712,85.44,62,100,5.06,overcast clouds
119,Constantine,DZ,2022-10-25 23:12:44,36.365,6.6147,58.41,35,0,1.14,clear sky
120,Moroni,KM,2022-10-25 23:12:44,-11.7022,43.2551,74.3,79,1,6.62,clear sky
121,Kudahuvadhoo,MV,2022-10-25 23:12:45,2.6708,72.8944,80.87,80,55,10.98,broken clouds
122,Waltershausen,DE,2022-10-25 23:12:45,50.9,10.5667,52.75,86,54,4.32,broken clouds
123,Ixtapa,MX,2022-10-25 23:12:46,20.7,-105.2,85.23,79,40,10.36,scattered clouds
124,Hobyo,SO,2022-10-25 23:12:46,5.3505,48.5268,79.23,82,87,10.85,light rain
125,Pevek,RU,2022-10-25 23:11:32,69.7008,170.3133,0.32,92,15,5.12,few clouds
126,Haines Junction,CA,2022-10-25 23:10:26,60.7522,-137.5108,28.17,52,6,3.33,clear sky
127,Pundaguitan,PH,2022-10-25 23:12:47,6.3711,126.1689,83.05,74,100,9.55,overcast clouds
128,Manado,ID,2022-10-25 23:08:22,1.487,124.8455,79.57,94,20,2.3,few clouds
129,Hami,CN,2022-10-25 23:12:48,42.8,93.45,50.05,39,100,2.46,overcast clouds
130,Cidreira,BR,2022-10-25 23:10:25,-30.1811,-50.2056,66.13,81,0,20.38,clear sky
131,Tual,ID,2022-10-25 23:12:49,-5.6667,132.75,82.72,73,94,5.23,overcast clouds
132,San Jose Temascatio,MX,2022-10-25 23:12:50,20.6833,-101.2667,81.36,27,69,3.71,broken clouds
133,Limbang,MY,2022-10-25 23:12:50,4.75,115.0,75.31,95,100,1.95,overcast clouds
134,Kumluca,TR,2022-10-25 23:13:51,36.3703,30.2869,70.36,43,0,5.12,clear sky
135,Werda,BW,2022-10-25 23:13:51,-25.2667,23.2833,73.87,7,83,7.61,broken clouds
136,Abu Samrah,SY,2022-10-25 23:13:53,35.3029,37.1841,71.51,36,98,7.94,overcast clouds
137,Asau,RO,2022-10-25 23:13:53,46.4333,26.4,52.72,92,91,3.29,overcast clouds
138,Keti Bandar,PK,2022-10-25 23:13:54,24.1447,67.4497,79.32,75,0,11.21,clear sky
139,Qingdao,CN,2022-10-25 23:09:31,36.0986,120.3719,60.58,59,100,11.23,overcast clouds
140,Teguldet,RU,2022-10-25 23:13:55,57.3064,88.1667,29.19,72,6,8.21,clear sky
141,Ancud,CL,2022-10-25 23:13:55,-41.8697,-73.8203,52.29,94,88,17.29,light rain
142,Saint-Philippe,RE,2022-10-25 23:13:56,-21.3585,55.7679,69.39,79,38,13.71,scattered clouds
143,Alofi,NU,2022-10-25 23:13:57,-19.0595,-169.9187,78.69,53,75,12.66,broken clouds
144,Narbonne,FR,2022-10-25 23:13:57,43.0833,2.8333,66.16,75,71,2.77,broken clouds
145,Leua,SK,2022-10-25 23:13:58,48.2156,18.6071,55.49,84,2,1.03,clear sky
146,Kattivakkam,IN,2022-10-25 23:13:58,13.2167,80.3167,75.29,64,1,5.01,clear sky
147,Vestmannaeyjar,IS,2022-10-25 23:13:59,63.4427,-20.2734,45.25,84,100,31.25,overcast clouds
148,Iqaluit,CA,2022-10-25 23:13:59,63.7506,-68.5145,24.53,85,100,26.46,light snow
149,Yellowknife,CA,2022-10-25 23:14:00,62.456,-114.3525,23.56,85,90,11.01,overcast clouds
150,Dingle,PH,2022-10-25 23:14:00,10.9995,122.6711,78.01,91,100,5.17,overcast clouds
151,Irbeyskoye,RU,2022-10-25 23:14:01,55.6428,95.4522,28.69,56,8,3.06,clear sky
152,Dunedin,NZ,2022-10-25 23:12:59,-45.8742,170.5036,58.8,63,100,3.2,overcast clouds
153,Bikapur,IN,2022-10-25 23:14:03,26.6,82.1333,66.63,61,0,0.87,clear sky
154,Komsomolskiy,UZ,2022-10-25 23:14:03,40.4272,71.7189,56.12,76,40,6.91,scattered clouds
155,Kedrovyy,RU,2022-10-25 23:14:04,56.1667,91.8167,18.01,64,9,4.03,clear sky
156,Arlit,NE,2022-10-25 23:14:04,18.7369,7.3853,78.42,13,0,13.06,clear sky
157,Vytegra,RU,2022-10-25 23:14:05,61.0064,36.4481,31.68,82,71,7.45,broken clouds
158,Mount Gambier,AU,2022-10-25 23:14:06,-37.8333,140.7667,58.91,94,100,9.22,overcast clouds
159,Manta,EC,2022-10-25 23:14:07,-0.95,-80.7333,71.38,78,75,12.66,broken clouds
160,Halifax,CA,2022-10-25 23:12:38,44.6453,-63.5724,65.7,97,99,1.99,overcast clouds
161,Castro,BR,2022-10-25 23:14:08,-24.7911,-50.0119,60.96,88,0,6.69,clear sky
162,Verkhoyansk,RU,2022-10-25 23:14:08,67.5447,133.385,12.42,84,100,3.27,overcast clouds
163,Dhidhdhoo,MV,2022-10-25 23:12:38,6.8833,73.1,80.35,78,63,4.21,broken clouds
164,Lar,IN,2022-10-25 23:14:09,26.2039,83.9717,67.73,65,0,1.21,clear sky
165,Selfoss,IS,2022-10-25 23:14:10,63.9331,-20.9971,44.04,66,100,17.78,overcast clouds
166,Vila Velha,BR,2022-10-25 23:14:11,-20.3297,-40.2925,69.94,96,100,4.61,overcast clouds
167,Coos Bay,US,2022-10-25 23:14:12,43.3665,-124.2179,58.98,81,0,12.66,clear sky
168,Kalmunai,LK,2022-10-25 23:14:13,7.4167,81.8167,76.46,88,84,2.73,light rain
169,Iralaya,HN,2022-10-25 23:14:13,15.0,-83.2333,81.16,76,48,6.73,scattered clouds
170,San Cristobal,VE,2022-10-25 23:14:14,7.7669,-72.225,71.78,86,99,0.76,overcast clouds
171,Hanmer Springs,NZ,2022-10-25 23:14:15,-42.5167,172.8167,57.36,67,90,9.48,overcast clouds
172,Olafsvik,IS,2022-10-25 23:14:15,64.8945,-23.7142,41.83,81,100,20.36,overcast clouds
173,Houma,US,2022-10-25 23:14:17,29.5958,-90.7195,75.0,65,0,6.91,clear sky
174,Abbeville,FR,2022-10-25 23:14:18,50.1,1.8333,59.25,70,100,13.94,overcast clouds
175,Chokurdakh,RU,2022-10-25 23:14:18,70.6333,147.9167,6.19,97,100,2.68,overcast clouds
176,Souillac,MU,2022-10-25 23:14:19,-20.5167,57.5167,70.88,83,5,9.62,clear sky
177,Serebryansk,KZ,2022-10-25 23:14:20,49.6925,83.2892,30.33,49,29,5.08,scattered clouds
178,Svetlogorsk,BY,2022-10-25 23:14:21,52.6333,29.7333,51.17,98,100,6.26,overcast clouds
179,Chara,RU,2022-10-25 23:14:21,56.9064,118.2631,16.56,69,29,3.15,scattered clouds
180,Huaicheng,CN,2022-10-25 23:15:23,23.9051,112.1931,63.57,85,57,1.34,broken clouds
181,Vostok,RU,2022-10-25 23:15:24,46.4856,135.8833,34.38,44,8,3.67,clear sky
182,Port Hawkesbury,CA,2022-10-25 23:15:25,45.6169,-61.3485,64.58,99,72,3.0,broken clouds
183,Beyneu,KZ,2022-10-25 23:15:26,45.3167,55.2,49.05,78,82,15.46,broken clouds
184,Nuuk,GL,2022-10-25 23:15:27,64.1835,-51.7216,30.81,100,75,6.91,broken clouds
185,Carnarvon,AU,2022-10-25 23:15:27,-24.8667,113.6333,64.47,59,0,21.85,clear sky
186,Sira,IN,2022-10-25 23:15:27,13.7453,76.9092,66.67,72,22,4.25,few clouds
187,Ahuimanu,US,2022-10-25 23:15:28,21.4447,-157.8378,87.51,71,40,19.57,light rain
188,Wajir,KE,2022-10-25 23:15:29,1.7471,40.0573,78.15,67,92,14.72,overcast clouds
189,Norman Wells,CA,2022-10-25 23:15:30,65.282,-126.8329,19.44,93,75,4.61,broken clouds
190,Chuy,UY,2022-10-25 23:15:31,-33.6971,-53.4616,59.36,84,11,11.43,few clouds
191,Narsaq,GL,2022-10-25 23:15:32,60.9167,-46.05,26.82,71,0,7.23,clear sky
192,Barra Patuca,HN,2022-10-25 23:15:33,15.8,-84.2833,80.62,76,69,8.08,broken clouds
193,Derzhavinsk,KZ,2022-10-25 23:15:33,51.1,66.3167,37.33,63,100,6.76,overcast clouds
194,Puerto Ayora,EC,2022-10-25 23:15:36,-0.7393,-90.3518,67.55,92,83,4.0,broken clouds
195,Kahului,US,2022-10-25 23:15:37,20.8947,-156.47,89.62,62,20,24.16,few clouds
196,Grand Gaube,MU,2022-10-25 23:15:37,-20.0064,57.6608,72.37,72,43,4.0,scattered clouds
197,Celestun,MX,2022-10-25 23:15:38,20.8667,-90.4,81.55,81,93,12.1,overcast clouds
198,Kununurra,AU,2022-10-25 23:15:39,-15.7667,128.7333,85.98,79,10,0.0,clear sky
199,Ahipara,NZ,2022-10-25 23:15:39,-35.1667,173.1667,65.23,56,42,9.26,scattered clouds
200,Salvador,SV,2022-10-25 23:11:52,13.8333,-88.9167,79.05,92,99,2.39,overcast clouds
201,Beihai,CN,2022-10-25 23:15:40,21.4833,109.1,73.08,84,42,12.68,scattered clouds
202,Yulara,AU,2022-10-25 23:15:41,-25.2406,130.9889,72.82,35,0,11.21,clear sky
203,Alappuzha,IN,2022-10-25 23:15:42,9.49,76.3264,75.0,82,37,4.21,scattered clouds
204,Yacuiba,BO,2022-10-25 23:15:42,-22.038,-63.6797,88.03,34,60,12.66,broken clouds
205,Lexington,US,2022-10-25 23:15:35,37.9887,-84.4777,74.12,47,20,11.5,few clouds
206,Comodoro Rivadavia,AR,2022-10-25 23:15:43,-45.8667,-67.5,57.06,47,40,10.36,scattered clouds
207,San Juan,AR,2022-10-25 23:15:43,-31.5375,-68.5364,83.14,17,66,3.76,broken clouds
208,Raudeberg,NO,2022-10-25 23:15:44,61.9875,5.1352,50.67,1,100,16.2,overcast clouds
209,Petropavlovsk-Kamchatskiy,RU,2022-10-25 23:15:44,53.0452,158.6483,36.19,60,40,8.95,scattered clouds
210,Sawakin,SD,2022-10-25 23:15:45,19.1059,37.3321,83.8,71,27,3.85,scattered clouds
211,Lasa,IT,2022-10-25 23:15:46,46.6166,10.7002,52.68,92,82,2.75,broken clouds
212,Beitbridge,ZW,2022-10-25 23:15:46,-22.2167,30.0,82.24,35,2,5.26,clear sky
213,Geraldton,AU,2022-10-25 23:15:47,-28.7667,114.6,55.81,82,2,3.44,clear sky
214,Saskylakh,RU,2022-10-25 23:15:47,71.9167,114.0833,-6.7,100,68,4.07,broken clouds
215,Severo-Kurilsk,RU,2022-10-25 23:15:48,50.6789,156.125,40.03,64,2,7.45,clear sky
216,Husavik,IS,2022-10-25 23:15:48,66.0449,-17.3389,35.8,88,100,7.14,overcast clouds
217,Paamiut,GL,2022-10-25 23:15:49,61.994,-49.6678,30.72,60,39,5.23,scattered clouds
218,Libertador General San Martin,AR,2022-10-25 23:15:49,-23.8064,-64.7876,91.31,31,2,7.65,clear sky
219,Sangmelima,CM,2022-10-25 23:15:50,2.9333,11.9833,67.42,99,100,1.7,overcast clouds
220,Botou,CN,2022-10-25 23:15:51,38.0667,116.5667,59.77,44,100,11.5,overcast clouds
221,Ensley,US,2022-10-25 23:15:52,30.5188,-87.2728,76.89,93,100,13.8,overcast clouds
222,Fomboni,KM,2022-10-25 23:15:53,-12.28,43.7425,77.02,78,8,18.12,clear sky
223,Tukrah,LY,2022-10-25 23:15:53,32.5341,20.5791,70.11,81,0,6.8,clear sky
224,Airai,TL,2022-10-25 23:15:54,-8.9266,125.4092,66.09,79,100,1.25,overcast clouds
225,Grootfontein,NA,2022-10-25 23:15:54,-19.5667,18.1167,72.97,49,66,9.22,broken clouds
226,Phalaborwa,ZA,2022-10-25 23:15:55,-23.943,31.1411,81.1,41,31,3.33,scattered clouds
227,Kimbe,PG,2022-10-25 23:16:56,-5.5502,150.1429,86.68,66,90,0.98,overcast clouds
228,Angouleme,FR,2022-10-25 23:16:57,45.65,0.15,62.92,81,0,5.75,clear sky
229,Ranong,TH,2022-10-25 23:16:58,9.9658,98.6348,75.13,87,100,1.19,light rain
230,Belfast,GB,2022-10-25 23:13:29,54.5833,-5.9333,57.02,94,75,19.57,heavy intensity rain
231,Haapiti,PF,2022-10-25 23:16:59,-17.5667,-149.8667,82.13,80,100,23.87,light rain
232,Berlevag,NO,2022-10-25 23:16:59,70.8578,29.0864,32.0,66,100,7.56,overcast clouds
233,Upernavik,GL,2022-10-25 23:17:00,72.7868,-56.1549,22.91,94,100,9.8,light snow
234,Nishihara,JP,2022-10-25 23:17:00,26.1842,127.7558,72.68,59,75,12.66,broken clouds
235,Namibe,AO,2022-10-25 23:17:01,-15.1961,12.1522,68.4,86,37,6.89,scattered clouds
236,Kurilsk,RU,2022-10-25 23:17:02,45.2333,147.8833,43.99,53,5,2.51,clear sky
237,Hendersonville,US,2022-10-25 23:17:02,36.3048,-86.62,66.58,97,99,3.0,overcast clouds
238,Uddevalla,SE,2022-10-25 23:17:03,58.3478,11.9424,53.85,94,63,3.0,broken clouds
239,Juanjui,PE,2022-10-25 23:17:03,-7.1779,-76.7314,81.75,68,95,1.68,overcast clouds
240,Marzuq,YE,2022-10-25 23:17:04,14.4,46.4667,65.61,58,6,1.86,clear sky
241,Petropavl,KZ,2022-10-25 23:15:07,54.8753,69.1628,31.14,85,100,3.24,overcast clouds
242,Praia,CV,2022-10-25 23:12:16,14.9215,-23.5087,77.54,78,20,14.97,few clouds
243,Kizukuri,JP,2022-10-25 23:17:05,40.8061,140.3861,49.95,63,2,3.69,clear sky
244,Alice Springs,AU,2022-10-25 23:17:06,-23.7,133.8833,78.35,36,2,11.5,clear sky
245,Boyolangu,ID,2022-10-25 23:17:06,-8.1181,111.8935,75.87,85,96,4.97,overcast clouds
246,Luderitz,NA,2022-10-25 23:17:07,-26.6481,15.1594,64.83,57,100,12.26,overcast clouds
247,Okhotsk,RU,2022-10-25 23:17:08,59.3833,143.3,23.13,62,20,8.79,few clouds
248,Nouadhibou,MR,2022-10-25 23:17:08,20.931,-17.0347,70.7,82,2,14.63,clear sky
249,Sokolka,PL,2022-10-25 23:17:09,53.4072,23.5023,52.68,96,79,5.39,broken clouds
250,Valdivia,CL,2022-10-25 23:17:10,-39.8142,-73.2459,57.29,99,95,2.68,overcast clouds
251,Ponta Do Sol,PT,2022-10-25 23:17:10,32.6667,-17.1,73.0,89,53,5.91,light rain
252,Duku,NG,2022-10-25 23:17:11,11.2361,4.9073,78.51,41,99,3.36,overcast clouds
253,Thompson,CA,2022-10-25 23:15:13,55.7435,-97.8558,25.41,96,100,8.72,snow
254,Dinguiraye,GN,2022-10-25 23:17:12,11.3,-10.7167,72.57,72,13,3.31,few clouds
255,Provideniya,RU,2022-10-25 23:17:13,64.3833,-173.3,28.51,59,100,15.66,overcast clouds
256,Port Lincoln,AU,2022-10-25 23:17:13,-34.7333,135.8667,58.39,80,89,12.59,overcast clouds
257,Sao Joao Da Barra,BR,2022-10-25 23:17:13,-21.6403,-41.0511,71.69,87,46,10.27,scattered clouds
258,Baykit,RU,2022-10-25 23:17:15,61.67,96.37,31.95,80,100,10.29,light snow
259,Caucaia,BR,2022-10-25 23:17:16,-3.7361,-38.6531,80.55,76,0,12.66,clear sky
260,Puerto Asis,CO,2022-10-25 23:17:16,0.5133,-76.5007,79.36,79,65,1.07,broken clouds
261,Pemba,MZ,2022-10-25 23:17:17,-12.974,40.5178,74.1,88,0,11.5,clear sky
262,Santo Antonio Do Sudoeste,BR,2022-10-25 23:17:18,-26.0736,-53.7253,66.99,87,6,2.3,clear sky
263,Te Anau,NZ,2022-10-25 23:17:18,-45.4167,167.7167,51.82,91,100,4.63,overcast clouds
264,Karoi,ZW,2022-10-25 23:17:19,-16.8099,29.6925,71.65,45,3,3.76,clear sky
265,Taua,BR,2022-10-25 23:17:21,-5.9667,-40.3,85.46,46,100,8.81,overcast clouds
266,Sumbe,AO,2022-10-25 23:17:21,-11.2061,13.8437,75.6,88,28,8.34,light rain
267,Constitucion,CL,2022-10-25 23:17:22,-35.3333,-72.4167,55.33,93,74,4.18,broken clouds
268,Salalah,OM,2022-10-25 23:17:23,17.0151,54.0924,75.29,64,0,3.44,clear sky
269,Luanda,AO,2022-10-25 23:15:09,-8.8368,13.2343,76.39,85,8,10.2,clear sky
270,Bethel,US,2022-10-25 23:14:24,41.3712,-73.414,68.09,86,100,3.44,overcast clouds
271,Awbari,LY,2022-10-25 23:17:24,26.5921,12.7805,68.2,34,0,5.93,clear sky
272,Port Augusta,AU,2022-10-25 23:17:25,-32.5,137.7667,61.07,79,76,5.73,broken clouds
273,Mnogovershinnyy,RU,2022-10-25 23:17:26,53.9353,139.9242,30.25,81,100,1.59,light snow
274,Abonnema,NG,2022-10-25 23:18:26,4.7084,6.7931,76.68,92,98,3.24,overcast clouds
275,Livingston,GB,2022-10-25 23:18:27,55.9029,-3.5226,54.48,92,95,5.66,light rain
276,Coolum Beach,AU,2022-10-25 23:18:28,-26.5333,153.1,83.34,69,57,3.06,broken clouds
277,Betare Oya,CM,2022-10-25 23:18:28,5.6,14.0833,66.11,92,53,3.36,broken clouds
278,Sorland,NO,2022-10-25 23:18:29,67.667,12.6934,44.46,65,100,0.69,overcast clouds
279,La Ronge,CA,2022-10-25 23:18:30,55.1001,-105.2842,34.05,60,75,4.61,broken clouds
280,Manali,IN,2022-10-25 23:18:31,13.1667,80.2667,75.29,65,1,4.94,clear sky
281,College,US,2022-10-25 23:18:32,64.8569,-147.8028,24.75,77,40,14.97,scattered clouds
282,Katsuura,JP,2022-10-25 23:18:33,35.1333,140.3,55.42,73,80,24.45,broken clouds
283,Bethanien,NA,2022-10-25 23:18:33,-26.502,17.1583,72.25,24,91,5.55,overcast clouds
284,Launceston,AU,2022-10-25 23:18:33,-41.45,147.1667,64.04,75,100,26.46,overcast clouds
285,Karla,EE,2022-10-25 23:18:34,59.3723,24.9275,51.51,98,100,4.61,mist
286,Tyn Nad Vltavou,CZ,2022-10-25 23:18:35,49.2234,14.4206,47.1,93,19,2.13,few clouds
287,Katobu,ID,2022-10-25 23:18:36,-4.9408,122.5276,81.09,81,56,1.21,broken clouds
288,Kavieng,PG,2022-10-25 23:18:37,-2.5744,150.7967,84.22,72,100,6.08,light rain
289,Okato,NZ,2022-10-25 23:18:37,-39.2,173.8833,65.52,72,37,11.99,scattered clouds
290,Stornoway,GB,2022-10-25 23:18:38,58.2093,-6.3865,53.56,93,40,10.36,scattered clouds
291,Annau,TM,2022-10-25 23:18:39,37.8876,58.516,53.1,82,75,4.61,broken clouds
292,Balkanabat,TM,2022-10-25 23:18:39,39.5108,54.3671,58.01,57,0,5.48,clear sky
293,Hailar,CN,2022-10-25 23:18:40,49.2,119.7,30.88,69,100,13.65,overcast clouds
294,Yuancheng,CN,2022-10-25 23:18:41,36.652,107.7896,50.63,72,100,3.04,overcast clouds
295,Razdolinsk,RU,2022-10-25 23:18:41,58.4211,94.6658,25.88,82,77,5.77,broken clouds
296,Huarmey,PE,2022-10-25 23:18:42,-10.0681,-78.1522,63.82,79,55,9.37,broken clouds
297,La Libertad,EC,2022-10-25 23:18:42,-2.2333,-80.9,68.92,82,86,11.1,overcast clouds
298,Naze,JP,2022-10-25 23:18:43,28.3667,129.4833,72.52,63,99,18.66,overcast clouds
299,Turkan,AZ,2022-10-25 23:18:44,40.3639,50.215,57.38,77,75,0.0,broken clouds
300,Aswan,EG,2022-10-25 23:18:45,24.0934,32.907,69.98,40,0,9.13,clear sky
301,Maragogi,BR,2022-10-25 23:18:46,-9.0122,-35.2225,77.16,80,52,11.05,broken clouds
302,Mabaruma,GY,2022-10-25 23:18:46,8.2,-59.7833,76.57,90,99,3.56,overcast clouds
303,Sagua La Grande,CU,2022-10-25 23:18:47,22.8067,-80.0756,77.99,75,9,7.05,light rain
304,Ulladulla,AU,2022-10-25 23:18:47,-35.35,150.4667,74.3,57,33,6.26,scattered clouds
305,Sola,VU,2022-10-25 23:18:48,-13.8833,167.55,79.38,75,5,0.98,clear sky
306,Lagoa,PT,2022-10-25 23:18:48,39.05,-27.9833,62.78,68,21,22.39,light rain
307,Los Algarrobos,PA,2022-10-25 23:17:24,8.5,-82.4333,77.41,94,75,3.44,moderate rain
308,Xining,CN,2022-10-25 23:18:49,36.6167,101.7667,43.72,90,94,0.38,overcast clouds
309,Khash,IR,2022-10-25 23:18:50,28.2211,61.2158,63.23,20,0,2.1,clear sky
310,Marawi,PH,2022-10-25 23:18:51,7.9986,124.2928,71.28,91,77,0.72,broken clouds
311,Vilhena,BR,2022-10-25 23:18:52,-12.7406,-60.1458,73.62,94,20,5.75,moderate rain
312,Saint-Pierre,RE,2022-10-25 23:18:52,-21.3393,55.4781,70.92,73,0,5.75,clear sky
313,Tessalit,ML,2022-10-25 23:18:53,20.1986,1.0114,78.28,19,70,12.37,broken clouds
314,Aldan,RU,2022-10-25 23:18:53,58.6031,125.3894,21.02,92,100,8.72,light snow
315,Christchurch,NZ,2022-10-25 23:14:38,-43.5333,172.6333,65.48,63,86,6.91,overcast clouds
316,Portland,US,2022-10-25 23:16:48,45.5234,-122.6762,54.61,89,100,12.66,overcast clouds
317,Caravelas,BR,2022-10-25 23:18:54,-17.7125,-39.2481,72.09,92,23,5.99,few clouds
318,Bara,NG,2022-10-25 23:18:55,10.3744,10.7288,77.52,30,35,6.46,scattered clouds
319,Selizharovo,RU,2022-10-25 23:18:55,56.8519,33.4487,38.48,85,100,8.16,overcast clouds
320,Nchelenge,ZM,2022-10-25 23:19:56,-9.3451,28.734,76.66,59,97,7.47,overcast clouds
321,Vila Franca Do Campo,PT,2022-10-25 23:19:57,37.7167,-25.4333,63.01,69,100,10.56,overcast clouds
322,Havelock,US,2022-10-25 23:19:54,34.8791,-76.9013,64.0,92,100,4.61,overcast clouds
323,Lagos,NG,2022-10-25 23:19:59,6.5833,3.75,79.12,91,97,2.77,light rain
324,Kirakira,SB,2022-10-25 23:19:59,-10.4544,161.9205,85.55,69,4,4.63,clear sky
325,Guerrero Negro,MX,2022-10-25 23:20:00,27.9769,-114.0611,74.59,37,0,13.13,clear sky
326,Sistranda,NO,2022-10-25 23:20:00,63.7256,8.834,48.16,90,100,12.41,overcast clouds
327,Deputatskiy,RU,2022-10-25 23:20:01,69.3,139.9,11.71,87,100,10.56,overcast clouds
328,Boende,CD,2022-10-25 23:20:01,-0.2167,20.8667,71.28,99,100,1.95,overcast clouds
329,Marsh Harbour,BS,2022-10-25 23:20:02,26.5412,-77.0636,78.69,70,6,9.53,clear sky
330,Ponta Delgada,PT,2022-10-25 23:20:03,37.7333,-25.6667,63.32,67,40,5.75,scattered clouds
331,Gari,RU,2022-10-25 23:20:03,59.4307,62.3497,26.19,85,15,6.11,few clouds
332,Fare,PF,2022-10-25 23:20:04,-16.7,-151.0167,79.93,77,100,23.2,overcast clouds
333,Sitka,US,2022-10-25 23:20:05,57.0531,-135.33,46.29,66,100,4.61,overcast clouds
334,Tilichiki,RU,2022-10-25 23:20:06,60.4667,166.1,30.9,80,84,19.01,broken clouds
335,Nome,US,2022-10-25 23:16:13,64.5011,-165.4064,30.27,65,75,26.46,broken clouds
336,Kungurtug,RU,2022-10-25 23:20:08,50.5994,97.5228,18.1,44,0,2.1,clear sky
337,Shemgang,BT,2022-10-25 23:20:10,27.2169,90.6579,54.73,100,100,0.27,overcast clouds
338,Teseney,ER,2022-10-25 23:20:11,15.11,36.6575,82.33,60,19,6.26,few clouds
339,Kavarna,BG,2022-10-25 23:20:11,43.4333,28.3333,64.58,65,95,11.43,overcast clouds
340,Mandalgovi,MN,2022-10-25 23:20:12,45.7625,106.2708,20.17,66,1,4.09,clear sky
341,Kissidougou,GN,2022-10-25 23:20:13,9.1848,-10.0999,71.38,83,49,0.22,scattered clouds
342,Esmeraldas,BR,2022-10-25 23:20:14,-19.7625,-44.3139,74.44,73,57,12.53,broken clouds
343,Beloha,MG,2022-10-25 23:20:14,-25.1667,45.05,70.38,86,96,4.52,overcast clouds
344,Kardymovo,RU,2022-10-25 23:20:15,54.8902,32.4311,42.93,88,100,6.96,overcast clouds
345,Alekseyevka,RU,2022-10-25 23:20:16,50.6309,38.6903,48.51,92,100,6.96,overcast clouds
346,Carutapera,BR,2022-10-25 23:20:16,-1.195,-46.02,79.74,76,80,10.02,broken clouds
347,Yinchuan,CN,2022-10-25 23:17:41,38.4681,106.2731,51.35,35,66,13.4,broken clouds
348,Klaksvik,FO,2022-10-25 23:20:18,62.2266,-6.589,49.12,91,100,10.96,light rain
349,Juneau,US,2022-10-25 23:17:19,58.3019,-134.4197,42.22,75,75,3.44,broken clouds
350,Turbat,PK,2022-10-25 23:20:19,26.0023,63.044,78.66,51,0,0.81,clear sky
351,Novomoskovsk,RU,2022-10-25 23:20:20,54.0105,38.2846,34.68,88,64,7.49,broken clouds
352,Kaz,RU,2022-10-25 23:20:20,52.9113,87.3105,29.05,59,0,2.8,clear sky
353,Imuris,MX,2022-10-25 23:20:21,30.7833,-110.8667,72.21,24,0,3.85,clear sky
354,Verkh-Usugli,RU,2022-10-25 23:20:21,52.7,115.1667,20.46,59,5,3.33,clear sky
355,Yablonovo,RU,2022-10-25 23:20:22,50.8523,37.3574,47.95,96,100,9.28,light rain
356,Gizo,SB,2022-10-25 23:20:23,-8.103,156.8419,84.72,66,42,3.42,scattered clouds
357,Biu,NG,2022-10-25 23:20:23,10.6129,12.1946,72.9,28,93,5.61,overcast clouds
358,Fonte Boa,BR,2022-10-25 23:20:24,-2.4959,-66.2662,75.69,92,100,2.82,overcast clouds
359,Kompaniyivka,UA,2022-10-25 23:20:25,48.2511,32.208,56.14,97,100,9.93,moderate rain
360,Odweyne,SO,2022-10-25 23:20:26,9.4092,45.064,71.67,77,44,2.48,scattered clouds
361,Sioux Lookout,CA,2022-10-25 23:20:26,50.1001,-91.917,35.67,64,100,11.5,overcast clouds
362,Tuatapere,NZ,2022-10-25 23:20:27,-46.1333,167.6833,52.83,83,100,3.15,light rain
363,Faya,SA,2022-10-25 23:20:27,18.3851,42.4509,60.91,73,18,3.83,few clouds
364,Pouebo,NC,2022-10-25 23:20:28,-20.4,164.5667,79.29,72,22,6.55,few clouds
365,Fort Pierce,US,2022-10-25 23:21:29,27.4467,-80.3256,77.05,75,0,3.44,clear sky
366,Mae Hong Son,TH,2022-10-25 23:21:29,19.3003,97.9685,75.34,94,75,0.0,mist
367,Milkovo,RU,2022-10-25 23:21:30,54.7167,158.6167,32.49,53,60,10.2,broken clouds
368,Nizhnyaya Tura,RU,2022-10-25 23:21:31,58.6293,59.8118,26.11,87,21,3.53,few clouds
369,Mayumba,GA,2022-10-25 23:21:31,-3.432,10.6554,77.02,90,68,2.75,light rain
370,Merritt Island,US,2022-10-25 23:21:32,28.5392,-80.672,76.08,71,0,5.75,clear sky
371,Robertsport,LR,2022-10-25 23:21:32,6.7533,-11.3686,79.66,85,38,5.91,scattered clouds
372,Talnakh,RU,2022-10-25 23:21:33,69.4865,88.3972,7.05,97,95,2.3,overcast clouds
373,Mount Isa,AU,2022-10-25 23:21:33,-20.7333,139.5,73.17,94,75,4.61,broken clouds
374,Neuquen,AR,2022-10-25 23:17:53,-38.9516,-68.0591,75.09,19,0,3.44,clear sky
375,Chapais,CA,2022-10-25 23:21:34,49.7834,-74.8492,60.58,87,96,11.74,overcast clouds
376,Hamilton,US,2022-10-25 23:18:39,39.1834,-84.5333,74.77,53,40,12.66,scattered clouds
377,Zhigansk,RU,2022-10-25 23:21:35,66.7697,123.3711,0.32,97,79,6.08,broken clouds
378,Nykoping,SE,2022-10-25 23:21:35,58.753,17.0079,52.09,87,75,11.5,broken clouds
379,Kloulklubed,PW,2022-10-25 23:21:36,7.0419,134.2556,81.1,78,100,21.16,light rain
380,Lithgow,AU,2022-10-25 23:21:36,-33.4833,150.15,59.43,72,84,12.06,broken clouds
381,Manzanillo,CU,2022-10-25 23:21:37,20.3433,-77.1167,79.07,70,12,5.28,few clouds
382,Pangkalanbuun,ID,2022-10-25 23:21:38,-2.6833,111.6167,74.35,98,100,2.04,light rain
383,Olga,RU,2022-10-25 23:21:38,43.7444,135.2892,38.46,56,0,3.31,clear sky
384,Yatou,CN,2022-10-25 23:21:39,37.15,122.3833,54.03,62,100,7.27,overcast clouds
385,Dyersburg,US,2022-10-25 23:16:49,36.0345,-89.3856,60.94,67,100,18.41,overcast clouds
386,Imbituba,BR,2022-10-25 23:18:07,-28.24,-48.6703,63.9,86,17,7.85,few clouds
387,Pedra,BR,2022-10-25 23:21:40,-8.4969,-36.9408,71.73,87,100,8.1,overcast clouds
388,Rathdrum,US,2022-10-25 23:21:41,47.8137,-116.892,49.46,72,100,6.91,overcast clouds
389,Hervey Bay,AU,2022-10-25 23:21:42,-25.2986,152.8535,77.34,63,34,5.06,scattered clouds
390,Oistins,BB,2022-10-25 23:21:43,13.0667,-59.5333,82.49,83,40,20.71,scattered clouds
391,Sabang,ID,2022-10-25 23:21:43,5.8933,95.3214,80.91,79,94,11.05,overcast clouds
392,Iquique,CL,2022-10-25 23:21:44,-20.2208,-70.1431,62.64,78,8,7.18,clear sky
393,Nemuro,JP,2022-10-25 23:21:44,43.3236,145.575,46.74,53,11,4.83,few clouds
394,Taybad,IR,2022-10-25 23:21:45,34.74,60.7756,55.85,81,20,12.95,few clouds
395,Isangel,VU,2022-10-25 23:21:45,-19.55,169.2667,80.71,78,75,6.91,broken clouds
396,Stokmarknes,NO,2022-10-25 23:21:46,68.5646,14.9108,28.38,80,20,5.75,few clouds
397,Midland,US,2022-10-25 23:21:47,31.9974,-102.0779,68.49,24,0,8.05,clear sky
398,Along,IN,2022-10-25 23:21:47,28.1667,94.7667,64.18,98,73,1.21,broken clouds
399,Fremont,US,2022-10-25 23:21:02,37.5483,-121.9886,76.1,60,0,12.66,clear sky
400,Hokitika,NZ,2022-10-25 23:21:48,-42.7167,170.9667,54.46,91,100,4.29,light rain
401,Yar-Sale,RU,2022-10-25 23:21:49,66.8333,70.8333,18.95,95,97,8.79,overcast clouds
402,Bronnoysund,NO,2022-10-25 23:21:49,65.4625,12.1997,48.2,81,100,11.99,overcast clouds
403,Nhulunbuy,AU,2022-10-25 23:21:50,-12.2333,136.7667,88.41,62,75,12.66,broken clouds
404,Ust-Karsk,RU,2022-10-25 23:21:50,52.7011,118.8077,21.58,71,1,1.59,clear sky
405,Juegang,CN,2022-10-25 23:21:51,32.3174,121.1855,61.99,70,100,9.4,overcast clouds
406,Chyhyryn,UA,2022-10-25 23:21:51,49.0838,32.6555,56.03,95,100,10.8,light rain
407,Sirsa,IN,2022-10-25 23:21:52,29.5333,75.0167,70.77,32,0,4.59,clear sky
408,Ambilobe,MG,2022-10-25 23:21:52,-13.2,49.05,69.62,76,7,5.17,clear sky
409,Novyy Urgal,RU,2022-10-25 23:21:53,51.0736,132.5642,33.84,62,100,1.41,overcast clouds
410,Fairbanks,US,2022-10-25 23:21:58,64.8378,-147.7164,24.76,77,0,14.97,clear sky
411,Adre,TD,2022-10-25 23:22:54,13.4667,22.2,72.9,22,4,8.19,clear sky
412,Maba,CN,2022-10-25 23:22:55,24.6841,113.5984,64.11,73,61,0.81,broken clouds
413,Ibra,OM,2022-10-25 23:22:55,22.6906,58.5334,71.13,54,0,1.66,clear sky
414,Swinoujscie,PL,2022-10-25 23:22:56,53.9105,14.2471,52.12,89,1,11.34,clear sky
415,Papara,BR,2022-10-25 23:22:56,-3.9839,-38.7273,79.2,82,74,4.52,broken clouds
416,Arrifes,PT,2022-10-25 23:22:57,37.7667,-25.7,61.05,67,40,5.75,scattered clouds
417,Kaohsiung,TW,2022-10-25 23:22:58,22.6163,120.3133,76.03,82,75,2.3,broken clouds
418,Colwyn Bay,GB,2022-10-25 23:22:58,53.2948,-3.7267,58.86,90,100,15.99,heavy intensity rain
419,Walvis Bay,NA,2022-10-25 23:22:59,-22.9575,14.5053,60.1,82,100,10.36,overcast clouds
420,Sungaipenuh,ID,2022-10-25 23:23:00,-2.0833,101.3833,64.26,99,100,2.17,light rain
421,Najran,SA,2022-10-25 23:23:01,17.4924,44.1277,63.25,25,4,0.69,clear sky
422,Dumai,ID,2022-10-25 23:23:02,1.6833,101.45,73.17,99,100,2.98,moderate rain
423,Asfi,MA,2022-10-25 23:23:02,32.2994,-9.2372,74.75,41,100,8.21,overcast clouds
424,Usinsk,RU,2022-10-25 23:23:03,65.9939,57.5281,22.75,94,89,8.05,overcast clouds
425,Apiai,BR,2022-10-25 23:23:04,-24.5094,-48.8425,57.13,97,12,4.56,few clouds
426,Carbonear,CA,2022-10-25 23:23:05,47.7332,-53.2148,55.35,77,2,8.9,clear sky
427,Umm Lajj,SA,2022-10-25 23:23:06,25.0213,37.2685,78.22,61,0,6.31,clear sky
428,Waterloo,CA,2022-10-25 23:18:24,43.4668,-80.5164,61.59,76,75,8.05,broken clouds
429,Basoko,CD,2022-10-25 23:23:07,1.2391,23.616,71.64,96,100,2.59,overcast clouds
430,Locri,IT,2022-10-25 23:23:09,38.2414,16.2623,72.32,56,90,11.81,overcast clouds
431,Coquimbo,CL,2022-10-25 23:23:10,-29.9533,-71.3436,58.73,67,40,4.61,scattered clouds
432,Yining,CN,2022-10-25 23:23:10,29.0361,114.5636,60.57,50,88,1.72,overcast clouds
433,Arona,ES,2022-10-25 23:23:11,28.0996,-16.681,71.91,75,20,5.75,few clouds
434,Lalibela,ET,2022-10-25 23:23:11,12.0333,39.0333,59.27,64,78,5.41,broken clouds
435,Hay River,CA,2022-10-25 23:23:12,60.8156,-115.7999,33.78,100,100,11.5,light rain
436,Ludvika,SE,2022-10-25 23:23:12,60.1496,15.1878,44.78,95,100,4.54,overcast clouds
437,Ngunguru,NZ,2022-10-25 23:23:14,-35.6167,174.5,61.05,66,32,10.31,scattered clouds
438,Kavaratti,IN,2022-10-25 23:23:15,10.5669,72.642,81.91,61,88,8.81,overcast clouds
439,Beaverlodge,CA,2022-10-25 23:23:16,55.2166,-119.4361,36.75,55,47,6.33,scattered clouds
440,Morondava,MG,2022-10-25 23:23:16,-20.2833,44.2833,75.06,84,66,7.11,broken clouds
441,Arauca,CO,2022-10-25 23:23:17,7.0847,-70.7591,84.2,89,20,0.0,few clouds
442,Bongandanga,CD,2022-10-25 23:23:18,1.5,21.05,69.98,98,95,2.33,overcast clouds
443,Vaitape,PF,2022-10-25 23:23:19,-16.5167,-151.75,79.63,77,100,23.58,light rain
444,Altay,CN,2022-10-25 23:23:19,47.8667,88.1167,36.27,48,100,3.4,overcast clouds
445,Nusaybin,TR,2022-10-25 23:23:20,37.0778,41.2178,63.21,27,27,4.52,scattered clouds
446,Acapulco,MX,2022-10-25 23:22:51,16.8634,-99.8901,84.02,79,20,12.66,light rain
447,Nanortalik,GL,2022-10-25 23:23:20,60.1432,-45.2371,33.4,76,1,3.87,clear sky
448,Ilulissat,GL,2022-10-25 23:23:21,69.2167,-51.1,26.62,93,100,4.61,light snow
449,Grabovo,RU,2022-10-25 23:23:22,53.3875,45.064,35.53,29,89,1.83,overcast clouds
450,At-Bashi,KG,2022-10-25 23:23:22,41.1702,75.8106,40.71,68,100,0.67,overcast clouds
451,Faanui,PF,2022-10-25 23:23:23,-16.4833,-151.75,79.65,77,100,23.6,light rain
452,Pisco,PE,2022-10-25 23:23:24,-13.7,-76.2167,62.65,77,0,20.71,clear sky
453,Auki,SB,2022-10-25 23:23:24,-8.7676,160.7034,84.69,68,45,4.97,scattered clouds
454,Waddan,LY,2022-10-25 23:23:25,29.1614,16.139,67.64,46,0,3.33,clear sky
455,Ibanda,TZ,2022-10-25 23:23:25,-2.7974,32.4746,69.22,76,100,2.91,overcast clouds
456,Am Timan,TD,2022-10-25 23:23:26,11.0297,20.2827,75.04,38,5,1.23,clear sky
457,Agen,FR,2022-10-25 23:23:27,44.2,0.6333,67.71,100,0,4.61,clear sky
458,Bilibino,RU,2022-10-25 23:23:27,68.0546,166.4372,-9.71,97,14,2.86,few clouds
459,Ovalle,CL,2022-10-25 23:24:28,-30.5983,-71.2003,60.49,58,0,5.17,clear sky
460,Leningradskiy,RU,2022-10-25 23:24:29,69.3833,178.4167,3.63,87,51,4.92,broken clouds
461,Korla,CN,2022-10-25 23:24:29,41.7597,86.1469,47.1,43,0,2.1,clear sky
462,Toyooka,JP,2022-10-25 23:24:30,35.5333,134.8333,58.37,68,74,4.54,broken clouds
463,Cayenne,GF,2022-10-25 23:22:40,4.9333,-52.3333,80.64,83,0,3.44,clear sky
464,Tripoli,LY,2022-10-25 23:23:59,32.8752,13.1875,74.89,51,4,4.23,clear sky
465,Luwuk,ID,2022-10-25 23:24:31,-0.9516,122.7875,79.57,78,99,2.89,overcast clouds
466,Havoysund,NO,2022-10-25 23:24:31,70.9963,24.6622,34.03,65,100,5.5,overcast clouds
467,Abdulino,RU,2022-10-25 23:24:32,53.7,53.6667,31.77,89,99,9.93,overcast clouds
468,Yeniseysk,RU,2022-10-25 23:24:32,58.4497,92.1703,29.77,77,22,6.76,few clouds
469,Edson,CA,2022-10-25 23:21:19,53.5835,-116.4356,41.14,38,75,2.3,broken clouds
470,Sagar,IN,2022-10-25 23:24:33,23.8333,78.7167,64.94,48,0,2.26,clear sky
471,Muisne,EC,2022-10-25 23:24:34,0.6,-80.0333,75.07,81,100,9.86,overcast clouds
472,Morehead,US,2022-10-25 23:24:34,37.2711,-87.1764,64.15,97,100,10.36,light rain
473,Zhezkazgan,KZ,2022-10-25 23:24:35,47.8043,67.7144,39.18,59,100,8.55,overcast clouds
474,Hualmay,PE,2022-10-25 23:24:35,-11.0964,-77.6139,63.28,79,26,10.8,scattered clouds
475,Zhanaozen,KZ,2022-10-25 23:24:36,43.3,52.8,50.32,58,99,10.94,overcast clouds
476,El Sauzal,MX,2022-10-25 23:24:37,31.9,-116.6833,71.42,70,0,9.22,clear sky
477,Jacmel,HT,2022-10-25 23:24:37,18.2342,-72.5347,78.64,80,100,1.92,light rain
478,Havre,FR,2022-10-25 23:24:38,49.5833,0.3333,61.2,82,0,9.22,clear sky
479,Vanavara,RU,2022-10-25 23:24:39,60.34,102.2797,28.15,78,97,11.01,overcast clouds
480,Kailua,US,2022-10-25 23:24:39,21.4022,-157.7394,87.78,71,40,12.66,light rain
481,Batemans Bay,AU,2022-10-25 23:24:40,-35.7167,150.1833,67.1,52,5,2.37,clear sky
482,Ha Tinh,VN,2022-10-25 23:24:40,18.3333,105.9,71.49,95,100,4.99,overcast clouds
483,Mayo,US,2022-10-25 23:24:41,38.8876,-76.5119,62.17,95,100,0.0,mist
484,Shimoda,JP,2022-10-25 23:24:42,34.6667,138.95,59.36,63,90,19.75,overcast clouds
485,Salinopolis,BR,2022-10-25 23:24:43,-0.6136,-47.3561,80.89,75,98,11.39,overcast clouds
486,Amapa,BR,2022-10-25 23:24:43,1.0,-52.0,81.97,63,100,5.48,overcast clouds
487,Nicolas Bravo,MX,2022-10-25 23:24:44,18.45,-88.9167,78.1,91,95,3.27,light rain
488,Nyaunglebin,MM,2022-10-25 23:24:44,17.95,96.7333,73.18,95,54,1.66,broken clouds
489,Jvari,GE,2022-10-25 23:24:45,42.7169,42.052,52.29,62,100,7.61,overcast clouds
490,Port-Gentil,GA,2022-10-25 23:24:45,-0.7193,8.7815,78.76,94,40,10.36,thunderstorm
491,Temanggung,ID,2022-10-25 23:24:46,-7.3162,110.1755,68.4,98,100,4.72,overcast clouds
492,Tabatinga,BR,2022-10-25 23:24:46,-4.2525,-69.9381,80.69,83,40,3.44,scattered clouds
493,La Orilla,MX,2022-10-25 23:24:47,17.9833,-102.2333,82.29,80,31,8.84,scattered clouds
494,Bowen,AU,2022-10-25 23:24:48,-20.0167,148.2333,83.41,74,43,6.87,scattered clouds
495,Palana,RU,2022-10-25 23:24:48,59.1167,159.9667,30.27,95,100,36.6,snow
496,Biltine,TD,2022-10-25 23:24:49,14.5333,20.9167,75.18,15,0,9.57,clear sky
497,Lopatino,RU,2022-10-25 23:24:50,52.6195,45.8118,31.68,78,62,2.93,broken clouds
498,Lazaro Cardenas,MX,2022-10-25 23:24:50,17.9583,-102.2,82.49,79,29,9.15,scattered clouds
499,Mandali,IQ,2022-10-25 23:24:51,33.7499,45.5541,74.44,21,19,8.7,few clouds
500,Sibolga,ID,2022-10-25 23:24:51,1.7427,98.7792,75.09,89,98,2.95,overcast clouds
501,Barcelos,PT,2022-10-25 23:24:52,41.5388,-8.6151,64.92,91,39,13.29,light rain
502,Maceio,BR,2022-10-25 23:23:44,-9.6658,-35.7353,76.44,88,0,9.22,clear sky
503,Kargasok,RU,2022-10-25 23:24:54,59.0556,80.8572,31.82,95,100,12.5,light snow
504,Lerwick,GB,2022-10-25 23:24:54,60.1545,-1.1494,51.8,87,100,8.9,overcast clouds
505,Nassau,US,2022-10-25 23:24:55,40.7507,-73.5829,68.45,88,100,6.91,mist
506,Dakar,SN,2022-10-25 23:24:15,14.6937,-17.4441,81.48,78,100,17.18,overcast clouds
507,Perpignan,FR,2022-10-25 23:25:55,42.75,2.75,60.73,94,100,4.61,mist
508,Antofagasta,CL,2022-10-25 23:23:58,-23.65,-70.4,60.08,80,12,8.59,few clouds
509,Clyde River,CA,2022-10-25 23:25:56,70.4692,-68.5914,1.63,71,0,4.61,clear sky
510,Leskovik,AL,2022-10-25 23:25:57,40.1514,20.5972,57.92,40,12,4.56,few clouds
511,Buala,SB,2022-10-25 23:25:58,-8.145,159.5921,85.08,69,49,4.07,scattered clouds
512,Aquiraz,BR,2022-10-25 23:25:59,-3.9014,-38.3911,80.69,78,76,11.27,broken clouds
513,Oriximina,BR,2022-10-25 23:26:00,-1.7656,-55.8661,84.69,59,100,4.47,overcast clouds
514,Sokoni,TZ,2022-10-25 23:26:00,-6.4333,39.55,76.73,81,54,11.14,broken clouds
515,Nyurba,RU,2022-10-25 23:26:01,63.2842,118.3319,22.98,92,66,8.68,broken clouds
516,Vermilion,US,2022-10-25 23:26:02,40.1667,-87.7506,62.56,94,100,1.99,overcast clouds
517,Vitoria Da Conquista,BR,2022-10-25 23:26:02,-14.8661,-40.8394,64.87,90,83,5.68,broken clouds
518,Victor Harbor,AU,2022-10-25 23:26:03,-35.5667,138.6167,60.01,84,90,12.1,overcast clouds
519,Anadyr,RU,2022-10-25 23:26:04,64.75,177.4833,9.1,84,75,4.47,fog
520,Tiarei,PF,2022-10-25 23:26:05,-17.5333,-149.3333,82.42,82,100,23.47,light rain
521,Santa Fe Do Sul,BR,2022-10-25 23:26:05,-20.2111,-50.9258,81.36,27,0,8.12,clear sky
522,Nieuw Nickerie,SR,2022-10-25 23:26:06,5.95,-56.9833,80.2,82,100,10.0,overcast clouds
523,Cabo San Lucas,MX,2022-10-25 23:26:07,22.8909,-109.9124,86.61,50,0,10.36,clear sky
524,Hirara,JP,2022-10-25 23:26:08,24.8,125.2833,75.06,60,75,17.27,broken clouds
525,Acari,PE,2022-10-25 23:26:09,-15.4311,-74.6158,66.87,71,8,4.79,clear sky
526,Thunder Bay,CA,2022-10-25 23:26:09,48.4001,-89.3168,44.58,61,75,8.05,broken clouds
527,Atar,MR,2022-10-25 23:21:13,20.5169,-13.0499,87.94,12,99,4.9,overcast clouds
528,Niamey,NE,2022-10-25 23:26:10,13.5137,2.1098,88.09,25,18,3.44,few clouds
529,Jacksonville,US,2022-10-25 23:22:07,30.3322,-81.6556,73.62,77,40,10.36,scattered clouds
530,Alvand,IR,2022-10-25 23:26:11,36.3187,49.1678,43.86,88,18,3.0,few clouds
531,Pierre,US,2022-10-25 23:26:12,44.3683,-100.351,54.86,43,0,12.66,clear sky
532,Soldotna,US,2022-10-25 23:26:13,60.4878,-151.0583,30.07,95,100,17.27,light snow
533,Rio Grande,BR,2022-10-25 23:26:14,-32.035,-52.0986,66.31,86,0,17.31,clear sky
534,Tautira,PF,2022-10-25 23:26:14,-17.7333,-149.15,78.01,83,100,25.39,light rain
535,Carballo,ES,2022-10-25 23:26:14,43.213,-8.691,65.89,87,68,12.41,broken clouds
536,Scarborough,GB,2022-10-25 23:23:35,54.2797,-0.4044,54.97,89,98,5.99,overcast clouds
537,Wau,SS,2022-10-25 23:26:15,7.7029,27.9953,72.9,80,8,0.49,clear sky
538,Ust-Ordynskiy,RU,2022-10-25 23:26:16,52.805,104.7508,25.29,56,3,4.94,clear sky
539,Magaria,NE,2022-10-25 23:26:17,12.9983,8.9099,80.4,24,70,9.78,broken clouds
540,Omboue,GA,2022-10-25 23:26:18,-1.5746,9.2618,76.78,89,97,3.4,overcast clouds
541,Valer,NO,2022-10-25 23:22:13,60.6785,11.8331,45.9,96,100,1.9,overcast clouds
542,Kangaatsiaq,GL,2022-10-25 23:26:19,68.3065,-53.4641,29.84,60,100,7.7,overcast clouds
543,Half Moon Bay,US,2022-10-25 23:26:19,37.4636,-122.4286,72.57,59,20,20.71,few clouds
544,Aklavik,CA,2022-10-25 23:26:20,68.2191,-135.0107,14.0,85,100,4.61,light snow
545,Shihezi,CN,2022-10-25 23:26:21,44.3,86.0333,42.26,46,7,5.17,clear sky
546,Suez,EG,2022-10-25 23:26:21,29.9737,32.5263,68.94,80,6,6.93,light rain
547,Paita,PE,2022-10-25 23:26:22,-5.0892,-81.1144,65.37,78,79,17.49,broken clouds
548,Dicabisagan,PH,2022-10-25 23:23:22,17.0818,122.4157,76.8,85,100,11.9,overcast clouds
549,Kabare,CD,2022-10-25 23:26:23,-2.4683,28.8242,63.75,81,100,3.2,overcast clouds
550,Awjilah,LY,2022-10-25 23:26:24,29.1081,21.2869,67.62,83,0,10.0,clear sky
551,Naryan-Mar,RU,2022-10-25 23:26:24,67.6713,53.087,23.97,87,74,8.14,broken clouds
552,Safakulevo,RU,2022-10-25 23:27:25,54.9901,62.5442,29.91,75,100,9.71,overcast clouds
553,Baruun-Urt,MN,2022-10-25 23:27:26,46.6806,113.2792,19.67,52,0,6.22,clear sky
554,Poum,NC,2022-10-25 23:27:26,-20.2333,164.0167,77.27,76,9,8.99,clear sky
555,Aksu,CN,2022-10-25 23:27:27,41.1231,80.2644,48.67,34,59,2.06,broken clouds
556,Miri,MY,2022-10-25 23:27:27,4.4148,114.0089,75.34,94,40,0.0,scattered clouds
557,Molchanovo,RU,2022-10-25 23:27:28,57.5817,83.7692,29.28,70,84,9.64,broken clouds
558,Augusto Correa,BR,2022-10-25 23:27:28,-1.0217,-46.635,79.45,74,75,6.76,broken clouds
559,Nizwa,OM,2022-10-25 23:27:29,22.9333,57.5333,72.91,36,0,1.63,clear sky
560,Kaspiyskiy,RU,2022-10-25 23:27:29,45.3929,47.3707,45.46,66,2,6.13,clear sky
561,Siquijor,PH,2022-10-25 23:27:30,9.2142,123.515,82.65,72,96,4.36,light rain
562,Avera,US,2022-10-25 23:27:30,33.194,-82.5271,67.51,46,98,6.29,overcast clouds
563,San Jeronimo,PE,2022-10-25 23:27:30,-11.9472,-75.2829,59.45,61,62,2.46,broken clouds
564,Careiro Da Varzea,BR,2022-10-25 23:27:31,-3.2003,-59.8119,79.43,83,100,2.44,light rain
565,Biak,ID,2022-10-25 23:27:32,-0.9131,122.8766,78.87,78,99,2.86,overcast clouds
566,Albury,AU,2022-10-25 23:27:32,-36.0833,146.9167,64.45,100,75,5.99,light rain
567,Lensk,RU,2022-10-25 23:27:33,60.7253,114.9278,29.07,85,99,9.55,overcast clouds
568,San Isidro,PE,2022-10-25 23:27:33,-12.1167,-77.05,64.02,80,75,8.05,broken clouds
569,Fort-Shevchenko,KZ,2022-10-25 23:27:34,44.5086,50.263,52.52,76,100,13.27,light rain
570,Lakes Entrance,AU,2022-10-25 23:27:35,-37.8811,147.981,58.15,94,100,2.3,light rain
571,Kushiro,JP,2022-10-25 23:26:36,42.975,144.3747,41.95,70,20,5.75,few clouds
572,Oranjemund,NA,2022-10-25 23:27:35,-28.55,16.4333,57.0,91,99,8.3,overcast clouds
573,Belaya Gora,RU,2022-10-25 23:27:36,68.5333,146.4167,13.93,95,100,6.87,light snow
574,Noumea,NC,2022-10-25 23:27:36,-22.2763,166.4572,84.18,80,95,13.62,overcast clouds
575,Ravenna,IT,2022-10-25 23:27:37,44.4167,11.9833,66.61,94,10,2.62,clear sky
576,Lahad Datu,MY,2022-10-25 23:27:37,5.0268,118.327,77.09,90,100,1.97,overcast clouds
577,Saraland,US,2022-10-25 23:27:38,30.8207,-88.0706,77.41,83,69,6.67,broken clouds
578,Les Cayes,HT,2022-10-25 23:27:38,18.2,-73.75,78.78,74,11,3.06,few clouds
579,San Antonio,US,2022-10-25 23:26:28,29.4241,-98.4936,80.06,19,0,5.75,clear sky
580,Tocopilla,CL,2022-10-25 23:27:39,-22.092,-70.1979,62.74,72,17,11.14,few clouds
581,Vila,PT,2022-10-25 23:27:39,42.0304,-8.1588,54.48,92,98,8.99,overcast clouds
582,Aksarka,RU,2022-10-25 23:27:40,66.5606,67.7975,21.63,89,99,4.47,overcast clouds
583,Newport,GB,2022-10-25 23:27:40,51.5877,-2.9984,62.02,86,100,15.28,overcast clouds
584,Saint-Leger,BE,2022-10-25 23:27:41,49.612,5.6569,56.7,88,100,6.51,light rain
585,Mujiayingzi,CN,2022-10-25 23:27:42,42.1167,118.7833,49.35,64,100,5.19,overcast clouds
586,Codrington,AU,2022-10-25 23:27:42,-38.2667,141.9667,58.78,94,99,11.88,overcast clouds
587,Vikulovo,RU,2022-10-25 23:27:43,56.8167,70.6107,35.15,99,100,0.87,overcast clouds
588,Tambovka,RU,2022-10-25 23:27:43,50.0969,128.0489,34.48,96,100,11.39,light snow
589,Nuoro,IT,2022-10-25 23:27:44,40.3211,9.3297,65.01,30,74,2.48,broken clouds
590,Jumla,NP,2022-10-25 23:27:45,29.2747,82.1838,41.61,57,0,5.21,clear sky
591,Greymouth,NZ,2022-10-25 23:27:45,-42.4667,171.2,53.76,90,100,10.65,overcast clouds
592,Manaure,CO,2022-10-25 23:27:46,11.7751,-72.4445,79.47,83,100,12.15,overcast clouds
593,Kiama,AU,2022-10-25 23:27:47,-34.6833,150.8667,75.25,72,58,3.0,broken clouds
594,Sayyan,YE,2022-10-25 23:27:48,15.1718,44.3244,54.73,31,0,3.4,clear sky
595,Lope De Vega,PH,2022-10-25 23:27:49,12.2983,124.6238,78.62,94,100,7.16,moderate rain
596,Atengo,MX,2022-10-25 23:27:49,20.1667,-99.3333,72.05,58,73,12.48,broken clouds
597,Chernyshevskiy,RU,2022-10-25 23:27:50,63.0128,112.4714,25.43,89,100,9.4,overcast clouds
598,Saint-Leu,RE,2022-10-25 23:27:50,-21.15,55.2833,70.63,74,24,4.03,few clouds
599,Egvekinot,RU,2022-10-25 23:28:51,66.3167,-179.1667,9.05,82,37,4.74,scattered clouds
600,Grafton,US,2022-10-25 23:28:51,42.207,-71.6856,64.83,91,100,4.61,fog
601,Umba,RU,2022-10-25 23:28:52,66.6871,34.3429,32.58,82,73,8.37,broken clouds
602,Gorebridge,GB,2022-10-25 23:28:53,55.8459,-3.0456,54.25,90,91,6.55,light rain
603,Sorong,ID,2022-10-25 23:28:54,-0.8833,131.25,80.42,86,94,7.72,overcast clouds
604,Port Blair,IN,2022-10-25 23:28:54,11.6667,92.75,79.11,83,66,5.91,broken clouds
605,Ushtobe,KZ,2022-10-25 23:28:55,45.2514,77.9838,46.13,60,86,5.08,overcast clouds
606,Mersing,MY,2022-10-25 23:28:56,2.4312,103.8405,75.11,94,40,3.44,heavy intensity rain
607,Murmino,RU,2022-10-25 23:28:56,54.6036,40.0544,31.73,90,24,5.61,few clouds
608,Ocos,GT,2022-10-25 23:28:57,14.5094,-92.1933,86.18,75,28,7.29,scattered clouds
609,Udachnyy,RU,2022-10-25 23:28:58,66.4167,112.4,6.39,95,27,7.02,scattered clouds
610,Cochrane,CA,2022-10-25 23:28:58,51.1834,-114.4687,41.27,81,0,12.66,clear sky
611,Itarantim,BR,2022-10-25 23:28:59,-15.6597,-40.0656,70.47,83,95,2.35,overcast clouds
612,Mahon,ES,2022-10-25 23:28:59,39.8885,4.2658,70.36,88,0,6.91,clear sky
613,Minas,UY,2022-10-25 23:29:00,-34.3759,-55.2377,59.65,78,32,9.17,scattered clouds
614,Laguna,US,2022-10-25 23:29:01,38.421,-121.4238,76.05,35,0,6.91,clear sky
615,Parintins,BR,2022-10-25 23:29:01,-2.6283,-56.7358,78.71,81,100,4.16,light rain
616,Bardiyah,LY,2022-10-25 23:29:02,31.7561,25.0865,69.69,61,0,6.04,clear sky
617,Ihosy,MG,2022-10-25 23:29:03,-22.4,46.1167,69.03,77,66,2.13,broken clouds
618,Kolaras,IN,2022-10-25 23:29:03,25.2333,77.6,65.03,49,0,4.85,clear sky
619,San Pedro,PH,2022-10-25 23:29:04,14.35,121.0167,78.03,94,75,3.44,broken clouds
620,Price,US,2022-10-25 23:29:05,39.5994,-110.8107,45.12,42,100,0.0,overcast clouds
621,Labuhan,ID,2022-10-25 23:29:06,-6.8844,112.2051,78.19,80,89,11.61,overcast clouds
622,Shitanjing,CN,2022-10-25 23:29:07,39.2342,106.3439,46.87,41,2,2.62,clear sky
623,Broken Hill,AU,2022-10-25 23:29:07,-31.95,141.4333,66.63,52,86,2.84,overcast clouds
624,Shingu,JP,2022-10-25 23:29:08,33.7333,135.9833,56.14,57,0,4.14,clear sky
625,Kutum,SD,2022-10-25 23:29:08,14.2,24.6667,68.14,26,1,10.85,clear sky
626,Alta Floresta,BR,2022-10-25 23:29:09,-9.8756,-56.0861,72.39,90,97,3.96,overcast clouds
627,Olinda,BR,2022-10-25 23:29:10,-8.0089,-34.8553,80.33,65,40,6.91,scattered clouds
628,Makakilo City,US,2022-10-25 23:27:25,21.3469,-158.0858,86.32,60,40,19.57,scattered clouds
629,Matara,LK,2022-10-25 23:29:12,5.9485,80.5353,75.76,88,100,3.4,overcast clouds
630,Zheleznodorozhnyy,RU,2022-10-25 23:29:12,55.7503,38.0042,32.61,82,28,5.77,scattered clouds
631,Kjollefjord,NO,2022-10-25 23:29:13,70.9457,27.3465,33.85,86,100,6.91,overcast clouds
632,Sao Domingos,BR,2022-10-25 23:29:13,-13.3983,-46.3183,80.55,49,99,6.49,overcast clouds
633,Dong Hoi,VN,2022-10-25 23:29:14,17.4833,106.6,75.06,91,98,3.33,overcast clouds
634,Astoria,US,2022-10-25 23:29:14,46.1879,-123.8313,52.47,92,100,11.99,moderate rain
635,Ghatal,IN,2022-10-25 23:29:15,22.6667,87.7167,70.0,82,2,2.39,clear sky
636,Alekseyevsk,RU,2022-10-25 23:29:16,57.8406,108.3492,29.84,67,81,10.56,broken clouds
637,Praia Da Vitoria,PT,2022-10-25 23:29:17,38.7333,-27.0667,60.76,88,75,12.71,broken clouds
638,Portobelo,PA,2022-10-25 23:29:18,9.55,-79.65,79.95,83,93,4.16,light rain
639,Leh,IN,2022-10-25 23:29:18,34.1667,77.5833,28.99,50,0,1.52,clear sky
640,Nexo,DK,2022-10-25 23:29:19,55.0607,15.1306,55.49,91,7,18.57,clear sky
641,Pangnirtung,CA,2022-10-25 23:29:20,66.1451,-65.7125,20.01,72,100,6.96,overcast clouds
642,Kitimat,CA,2022-10-25 23:29:20,54.0524,-128.6534,43.18,100,100,3.83,light rain
643,Wanning,CN,2022-10-25 23:29:21,18.8003,110.3967,75.96,91,95,11.01,overcast clouds
644,Maarianhamina,AX,2022-10-25 23:29:22,60.0973,19.9348,51.66,100,100,4.61,light intensity drizzle
645,Vila Do Maio,CV,2022-10-25 23:29:22,15.1333,-23.2167,77.79,77,100,9.44,overcast clouds
646,Linhai,CN,2022-10-25 23:30:23,28.85,121.1167,61.93,57,98,0.49,overcast clouds
647,Waiouru,NZ,2022-10-25 23:30:23,-39.4833,175.6667,51.24,75,95,7.38,overcast clouds
648,Saint-Joseph,RE,2022-10-25 23:30:24,-21.3667,55.6167,68.38,74,20,9.6,few clouds
649,Sulangan,PH,2022-10-25 23:30:25,11.1373,123.7228,81.88,81,100,12.28,overcast clouds
650,Mehamn,NO,2022-10-25 23:30:25,71.0357,27.8492,31.95,86,100,6.91,overcast clouds
651,Sechura,PE,2022-10-25 23:30:26,-5.5569,-80.8222,65.37,72,75,17.83,broken clouds
652,Plouzane,FR,2022-10-25 23:30:27,48.3833,-4.6167,61.12,94,100,20.71,overcast clouds
653,Fort Nelson,CA,2022-10-25 23:30:08,58.8053,-122.7002,24.39,80,75,6.91,broken clouds
654,Wairoa,NZ,2022-10-25 23:30:27,-39.0333,177.3667,67.55,59,47,5.01,scattered clouds
655,Albion,US,2022-10-25 23:30:28,42.2431,-84.753,70.02,73,100,14.97,overcast clouds
656,Ilhabela,BR,2022-10-25 23:30:28,-23.7781,-45.3581,69.48,85,66,6.78,broken clouds
657,Harper,LR,2022-10-25 23:30:29,4.375,-7.7169,77.34,89,64,7.74,moderate rain
658,Kenora,CA,2022-10-25 23:30:30,49.8167,-94.4337,34.77,75,75,9.22,broken clouds
659,Huilong,CN,2022-10-25 23:30:30,31.8111,121.655,60.93,68,100,10.83,overcast clouds
660,Guipavas,FR,2022-10-25 23:30:30,48.4352,-4.3972,61.12,94,100,20.71,overcast clouds
661,Shache,CN,2022-10-25 23:30:31,38.4167,77.2406,53.71,26,83,3.24,broken clouds
662,Troy,US,2022-10-25 23:29:27,42.6056,-83.1499,69.73,63,0,4.61,clear sky
663,Fuerte Olimpo,PY,2022-10-25 23:30:32,-21.0415,-57.8738,81.21,38,0,5.73,clear sky
664,Cockburn Town,TC,2022-10-25 23:30:32,21.4612,-71.1419,80.53,70,100,4.81,overcast clouds
665,Mogadishu,SO,2022-10-25 23:30:33,2.0371,45.3438,77.9,85,88,12.06,overcast clouds
666,Magadan,RU,2022-10-25 23:30:33,59.5667,150.8,25.54,83,45,10.83,scattered clouds
667,Tecpan,GT,2022-10-25 23:30:34,14.7623,-90.9947,63.9,95,87,0.18,overcast clouds
668,Hlinsko,CZ,2022-10-25 23:30:34,49.7621,15.9076,51.51,92,15,3.15,few clouds
669,Kaeo,NZ,2022-10-25 23:30:36,-35.1,173.7833,63.14,61,60,9.28,broken clouds
670,Meulaboh,ID,2022-10-25 23:30:36,4.1363,96.1285,76.77,88,100,3.89,overcast clouds
671,Vao,NC,2022-10-25 23:30:37,-22.6667,167.4833,69.22,89,100,11.88,overcast clouds
672,Port Hardy,CA,2022-10-25 23:30:38,50.6996,-127.4199,46.58,87,75,3.44,broken clouds
673,Muravlenko,RU,2022-10-25 23:30:38,63.7898,74.523,22.91,93,99,20.04,overcast clouds
674,Hambantota,LK,2022-10-25 23:30:39,6.1241,81.1185,76.15,85,100,5.53,moderate rain
675,Nagato,JP,2022-10-25 23:30:39,34.3833,131.2,61.29,52,0,10.31,clear sky
676,Lincoln,US,2022-10-25 23:27:55,40.8,-96.667,60.82,36,0,12.66,clear sky
677,Ati,TD,2022-10-25 23:30:41,13.2154,18.3353,80.33,14,1,14.99,clear sky
678,Cap-Haitien,HT,2022-10-25 23:30:42,19.7578,-72.2042,79.3,74,100,3.51,light rain
679,Sugar Land,US,2022-10-25 23:30:43,29.6197,-95.6349,72.88,38,0,9.22,clear sky
680,Nabire,ID,2022-10-25 23:30:43,-3.3667,135.4833,83.73,71,100,0.67,overcast clouds
681,Ylivieska,FI,2022-10-25 23:30:44,64.0833,24.55,34.32,89,98,6.51,light snow
682,Alyangula,AU,2022-10-25 23:30:45,-13.8483,136.4192,85.32,68,23,14.2,few clouds
683,Divnogorsk,RU,2022-10-25 23:30:45,55.9594,92.3619,18.09,72,11,4.18,few clouds
684,Eureka,US,2022-10-25 23:26:22,40.8021,-124.1637,64.74,83,39,1.99,scattered clouds
685,Bilma,NE,2022-10-25 23:30:46,18.6853,12.9164,70.52,15,0,5.26,clear sky
